{
    "threeDModel": "male-35",
    "gender": "",
    "age": "",
    "features": [
        {
            "id": "Alar_Crest/Alar_Curvature/Alar_Base_Junction/Alar-Facial_Groove/Alar-Cheek_Junction/Alar_Crease_left",
            "name": "Alar Base Junction/Alar Crease - left",
            "abbrv": "ac_l",
            "list": "Y",
            "imageFile": "feature_point_alar_crest_left-basal.png",
            "description": "The junction between the left alar crease and the cheek.",
            "references": "(10)",
            "usedInMeasurements": [
                "Ala/Alar_Length_(left)",
                "Ala/Alar_Length_(left)_Surface",
                "Alar_Base_Width",
                "Alar_Base_Width_Surface",
                "Premaxilla_-_left",
                "Premaxilla_-_left_Surface",
                "Lobule_-_Base_Ratio",
                "Nasal_Tip_Projection:_Byrd_and_Hobar",
                "Nasal_Tip_Projection:_Goode"
            ],
            "xVal": 16.2,
            "yVal": -22.46,
            "zVal": 99.48,
            "cameraX": "",
            "cameraY": "",
            "cameraZ": "",
            "type": "Points"
        },
        {
            "id": "Alar_Crest/Alar_Curvature/Alar_Base_Junction/Alar-Facial_Groove/Alar-Cheek_Junction/Alar_Crease_right",
            "name": "Alar Base Junction/Alar Crease - right",
            "abbrv": "ac_r",
            "list": "Y",
            "imageFile": "feature_point_alar_crest_right-basal.png",
            "description": "The junction between the right alar crease and the cheek.",
            "references": "(10)",
            "usedInMeasurements": [
                "Ala/Alar_Length_(right)",
                "Alar_Base_Width",
                "Alar_Base_Width_Surface",
                "Premaxilla_-_right",
                "Premaxilla_-_right_Surface",
                "Lobule_-_Base_Ratio"
            ],
            "xVal": -14.72,
            "yVal": -23.48,
            "zVal": 97.89,
            "cameraX": "",
            "cameraY": "",
            "cameraZ": "",
            "type": "Points"
        },
        {
            "id": "Alar_Ridge's_Highest_Point_left",
            "name": "Alar Rim’s Highest Point - left",
            "abbrv": "armax_l",
            "list": "F",
            "imageFile": "feature_point_alar_rim_highest_point_left-lateral.png",
            "description": "The highest point of the left alar rim.",
            "references": "(10, 11)",
            "usedInMeasurements": [
                "Columella-Alar_Distance_-_left",
                "Columella-Alar_Distance_-_left_Surface"
            ],
            "xVal": 12.67,
            "yVal": -10.75,
            "zVal": 99.88,
            "cameraX": "",
            "cameraY": "",
            "cameraZ": "",
            "type": "Points"
        },
        {
            "id": "Alar_Ridge's_Highest_Point_right",
            "name": "Alar Rim’s Highest Point - right",
            "abbrv": "armax_r",
            "list": "F",
            "imageFile": "feature_point_alar_rim_highest_point_right-lateral.png",
            "description": "The highest point of the right alar rim.",
            "references": "(10, 11)",
            "usedInMeasurements": [
                "Columella-Alar_Distance_-_right",
                "Columella-Alar_Distance_-_right_Surface"
            ],
            "xVal": -10.97,
            "yVal": -8.64,
            "zVal": 102.55,
            "cameraX": "",
            "cameraY": "",
            "cameraZ": "",
            "type": "Points"
        },
        {
            "id": "Alare/Alar_Flare_left",
            "name": "Alare/Alar Flare - left",
            "abbrv": "al_l",
            "list": "Y",
            "imageFile": "feature_point_alare_alar_flare_left-frontal.png",
            "description": "The most lateral point on the left ala of the nose.",
            "references": "(10)",
            "usedInMeasurements": [
                "Interalar_Distance",
                "Interalar_Distance_Surface",
                "Interalar_Angle",
                "Nasal_Width–Intercanthal_Distance_Ratio",
                "Nasal_Width-Length_Ratio"
            ],
            "xVal": 17.57,
            "yVal": -18.02,
            "zVal": 101.46,
            "cameraX": "",
            "cameraY": "",
            "cameraZ": "",
            "type": "Points"
        },
        {
            "id": "Alare/Alar_Flare_right",
            "name": "Alare/Alar Flare - right",
            "abbrv": "al_r",
            "list": "Y",
            "imageFile": "feature_point_alare_alar_flare_right-frontal.png",
            "description": "The most lateral point on the right ala of the nose.",
            "references": "(10)",
            "usedInMeasurements": [
                "Interalar_Distance",
                "Interalar_Distance_Surface",
                "Interalar_Angle",
                "Nasal_Width–Intercanthal_Distance_Ratio",
                "Nasal_Width-Length_Ratio"
            ],
            "xVal": -16.03,
            "yVal": -17.99,
            "zVal": 99.77,
            "cameraX": "",
            "cameraY": "",
            "cameraZ": "",
            "type": "Points"
        },
        {
            "id": "Columellar_Break_Point",
            "name": "Columellar Break Point",
            "abbrv": "cb",
            "list": "Y",
            "imageFile": "feature_point_columellar_break_point-lateral(l).png",
            "description": "The point in the columellar region of the nose where the tip of the nose stops curving and the columellar linear structure begins, in the midline.",
            "references": "(15, 16)",
            "usedInMeasurements": [
                "Columella_Length",
                "Columella_Length_Surface",
                "Infratip_Lobule/Infralobule",
                "Infratip_Lobule/Infralobule_Surface",
                "Columellar_Labial_Angle",
                "Columellar_Lobular_Angle"
            ],
            "xVal": 1.73,
            "yVal": -21.34,
            "zVal": 112.84,
            "cameraX": "",
            "cameraY": "",
            "cameraZ": "",
            "type": "Points"
        },
        {
            "id": "Endocanthion/Medial_Canthus_left",
            "name": "Endocanthion/Medial Canthus - left",
            "abbrv": "en_l",
            "list": "Y",
            "imageFile": "feature_point_endocanthion_left-frontal.png",
            "description": "The inner corner of the left eye where the upper and lower eyelids meet.",
            "references": "(18, 19)",
            "usedInMeasurements": [
                "(Inner)_Intercanthal_Distance/Width",
                "(Inner)_Intercanthal_Distance/Width_Surface",
                "Left_Eye_Width",
                "Left_Eye_Width_Surface",
                "Nasal_Width–Intercanthal_Distance_Ratio"
            ],
            "xVal": 16.51,
            "yVal": 21.95,
            "zVal": 82.33,
            "cameraX": "",
            "cameraY": "",
            "cameraZ": "",
            "type": "Points"
        },
        {
            "id": "Endocanthion/Medial_Canthus_right",
            "name": "Endocanthion/Medial Canthus - right",
            "abbrv": "en_r",
            "list": "Y",
            "imageFile": "feature_point_endocanthion_right-frontal.png",
            "description": "The inner corner of the right eye where the upper and lower eyelids meet.",
            "references": "(18, 19)",
            "usedInMeasurements": [
                "(Inner)_Intercanthal_Distance/Width",
                "(Inner)_Intercanthal_Distance/Width_Surface",
                "Right_Eye_Width",
                "Right_Eye_Width_Surface",
                "Nasal_Width–Intercanthal_Distance_Ratio"
            ],
            "xVal": -14.41,
            "yVal": 20.39,
            "zVal": 82.79,
            "cameraX": "",
            "cameraY": "",
            "cameraZ": "",
            "type": "Points"
        },
        {
            "id": "Glabella",
            "name": "Glabella",
            "abbrv": "g",
            "list": "F",
            "imageFile": "feature_point_glabella-lateral(l).png",
            "description": "The most prominent point of the forehead in the midline between the eyebrows.",
            "references": "(20)",
            "usedInMeasurements": [
                "Mid-Facial_Height",
                "Mid-Facial_Height_Surface",
                "Upper_Facial_Height",
                "Nasofrontal_Angle",
                "Nasolabial_Angle_IV",
                "Total_Facial_Convexity_Angle"
            ],
            "xVal": -17.35,
            "yVal": 79.26,
            "zVal": 180.4,
            "cameraX": "",
            "cameraY": "",
            "cameraZ": "",
            "type": "Points"
        },
        {
            "id": "Labiale_Superius",
            "name": "Labiale Superius",
            "abbrv": "ls",
            "list": "F",
            "imageFile": "feature_point_labiale_superius-basal.png",
            "description": "The midline point representing the mucocutaneous vermilion border of the upper lip",
            "references": "(23)",
            "usedInMeasurements": [
                "Columellar_Labial_Angle",
                "Degree_of_Deviation_(I-type)",
                "Nasolabial_Angle_I",
                "Nasal_Tip_Projection:_Byrd_and_Hobar",
                "Nasal_Tip_Projection:_Crumley_and_Lanser_I",
                "Nasal_Tip_Projection:_Simons"
            ],
            "xVal": -5.5,
            "yVal": -73.11,
            "zVal": 200.7,
            "cameraX": "",
            "cameraY": "",
            "cameraZ": "",
            "type": "Points"
        },
        {
            "id": "Maxilloanteriorale_left",
            "name": "Maxilloanteriorale - left",
            "abbrv": "ma_l",
            "list": "Y",
            "imageFile": "feature_point_maxilloanteriorale_left-frontal.png",
            "description": "The point where the left maxilloanterioral and nasoanterioral sutures meet",
            "references": "(9, 25, 26)",
            "usedInMeasurements": [
                "Nasal_Root_Width",
                "Nasal_Root_Width_Surface"
            ],
            "xVal": 11.78,
            "yVal": 7.44,
            "zVal": 96.81,
            "cameraX": "",
            "cameraY": "",
            "cameraZ": "",
            "type": "Points"
        },
        {
            "id": "Maxilloanteriorale_right",
            "name": "Maxilloanteriorale - right",
            "abbrv": "ma_r",
            "list": "Y",
            "imageFile": "feature_point_maxilloanteriorale_right-frontal.png",
            "description": "The point where the right maxilloanterioral and nasoanterioral sutures meet",
            "references": "(9, 25, 26)",
            "usedInMeasurements": [
                "Nasal_Root_Width",
                "Nasal_Root_Width_Surface"
            ],
            "xVal": -13.95,
            "yVal": 5.43,
            "zVal": 93.94,
            "cameraX": "",
            "cameraY": "",
            "cameraZ": "",
            "type": "Points"
        },
        {
            "id": "Maxillofrontale_left",
            "name": "Maxillofrontale - left",
            "abbrv": "mf_l",
            "list": "Y",
            "imageFile": "feature_point_maxillofrontale_left-frontal.png",
            "description": "The soft tissue point located at the left lateral margin of the base of the nasal root at the level of the endocanthion.",
            "references": "(33)",
            "usedInMeasurements": [
                "Nasal_Root_Width",
                "Dorsal_aesthetic_line_width_at_intercanthal_distance_to_interphiltral_width_ratio"
            ],
            "xVal": 8.83,
            "yVal": 22.03,
            "zVal": 91.19,
            "cameraX": "",
            "cameraY": "",
            "cameraZ": "",
            "type": "Points"
        },
        {
            "id": "Maxillofrontale_right",
            "name": "Maxillofrontale - right",
            "abbrv": "mf_r",
            "list": "Y",
            "imageFile": "feature_point_maxillofrontale_right-frontal.png",
            "description": "The soft tissue point located at the right lateral margin of the base of the nasal root at the level of the endocanthion.",
            "references": "(33)",
            "usedInMeasurements": [
                "Nasal_Root_Width",
                "Dorsal_aesthetic_line_width_at_intercanthal_distance_to_interphiltral_width_ratio"
            ],
            "xVal": -10.18,
            "yVal": 21.12,
            "zVal": 87.61,
            "cameraX": "",
            "cameraY": "",
            "cameraZ": "",
            "type": "Points"
        },
        {
            "id": "Menton/Gnathion",
            "name": "Menton/Gnathion",
            "abbrv": "me",
            "list": "Y",
            "imageFile": "feature_point_menton-lateral(l).png",
            "description": "Lowest point on the soft tissue proﬁle of the chin in mid-sagittal plane.",
            "references": "(18, 27)",
            "usedInMeasurements": [
                "Face_Length/Height",
                "Face_Length/Height_Surface",
                "Height_of_the_Mandible/Chin_Height",
                "Height_of_the_Mandible/Chin_Height_Surface",
                "Lower_Facial_Height",
                "Lower_Facial_Height_Surface",
                "Mentocervical_Angle",
                "Nasal_Tip_Projection:_Crumley_and_Lanser_II"
            ],
            "xVal": -1.19,
            "yVal": -93.03,
            "zVal": 74.27,
            "cameraX": "",
            "cameraY": "",
            "cameraZ": "",
            "type": "Points"
        },
        {
            "id": "Nasal_Parenthesis_left",
            "name": "Nasal Parenthesis - left",
            "abbrv": "np_l",
            "list": "Y",
            "imageFile": "feature_point_nasal_parenthesis_left-frontal.png",
            "description": "The summit of the left nasal parentheses/canthal-alar line.",
            "references": "(30)",
            "usedInMeasurements": [
                "Base_Bony_Width_Surface",
                "Base_Bony_Width"
            ],
            "xVal": 18.74,
            "yVal": -1.27,
            "zVal": 94,
            "cameraX": "",
            "cameraY": "",
            "cameraZ": "",
            "type": "Points"
        },
        {
            "id": "Nasal_Parenthesis_right",
            "name": "Nasal Parenthesis - right",
            "abbrv": "np_r",
            "list": "Y",
            "imageFile": "feature_point_nasal_parenthesis_right-frontal.png",
            "description": "The summit of the right nasal parentheses/canthal-alar line.",
            "references": "(30)",
            "usedInMeasurements": [
                "Base_Bony_Width_Surface",
                "Base_Bony_Width"
            ],
            "xVal": -18.9,
            "yVal": -1.68,
            "zVal": 93.11,
            "cameraX": "",
            "cameraY": "",
            "cameraZ": "",
            "type": "Points"
        },
        {
            "id": "Nasion/Radix",
            "name": "Nasion/Radix",
            "abbrv": "n",
            "list": "Y",
            "imageFile": "feature_point_nasion-lateral(l).png",
            "description": "The midpoint of the nasofrontal suture line where the frontal bone and nasal bones join.",
            "references": "(22)",
            "usedInMeasurements": [
                "Nasal_Bridge_Length",
                "Nasal_Bridge_Length_Surface",
                "Nose_Height",
                "Nose_Height_Surface",
                "Radix_Depth",
                "Radix_Depth_Surface",
                "Degree_of_Deviation_(C-type)",
                "Degree_of_Deviation_(I-type)",
                "Nasal_Tip_Angle",
                "Nasofacial_Angle",
                "Nasofrontal_Angle",
                "Nasomental_Angle",
                "Nasal_Tip_Projection:_Baum",
                "Nasal_Tip_Projection:_Byrd_and_Hobar",
                "Nasal_Tip_Projection:_Crumley_and_Lanser_I",
                "Nasal_Tip_Projection:_Crumley_and_Lanser_II",
                "Nasal_Tip_Projection:_Goode",
                "Nasal_Tip_Projection:_Powell_and_Humphries",
                "Nasal_Width-Length_Ratio"
            ],
            "xVal": 0.19,
            "yVal": 24.97,
            "zVal": 99.17,
            "cameraX": "",
            "cameraY": "",
            "cameraZ": "",
            "type": "Points"
        },
        {
            "id": "Pogonion",
            "name": "Pogonion",
            "abbrv": "pg",
            "list": "Y",
            "imageFile": "feature_point_pogonion-lateral(l).png",
            "description": "Most anterior point on the soft tissue profile of the chin in mid-sagittal plane.",
            "references": "(31)",
            "usedInMeasurements": [
                "Mentocervical_Angle",
                "Nasofacial_Angle",
                "Nasolabial_Angle_IV",
                "Nasomental_Angle",
                "Total_Facial_Convexity_Angle"
            ],
            "xVal": 0.73,
            "yVal": -79.69,
            "zVal": 82.97,
            "cameraX": "",
            "cameraY": "",
            "cameraZ": "",
            "type": "Points"
        },
        {
            "id": "Posterior/Inferior_Point_of_Nostril_left",
            "name": "Posterior Point of Nostril - left",
            "abbrv": "itn_l",
            "list": "F",
            "imageFile": "feature_point_posterior_point_of_the_nostril_left-basal.png",
            "description": "The point where the left ala meets the nostril floor at a point corresponding to sbal.",
            "references": "(12)",
            "usedInMeasurements": [
                "Interaxial_Angle_(Nostril_Inclination)",
                "Nasolabial_Angle_IV"
            ],
            "xVal": 16.19,
            "yVal": -34.9,
            "zVal": 193.88,
            "cameraX": "",
            "cameraY": "",
            "cameraZ": "",
            "type": "Points"
        },
        {
            "id": "Posterior/Inferior_Point_of_Nostril_right",
            "name": "Posterior Point of Nostril - right",
            "abbrv": "itn_r",
            "list": "F",
            "imageFile": "feature_point_posterior_point_of_the_nostril_right-basal.png",
            "description": "The point where the right ala meets the nostril floor at a point corresponding to sbal.",
            "references": "(12)",
            "usedInMeasurements": [
                "Interaxial_Angle_(Nostril_Inclination)",
                "Nasolabial_Angle_IV"
            ],
            "xVal": -26.12,
            "yVal": -37.44,
            "zVal": 188.92,
            "cameraX": "",
            "cameraY": "",
            "cameraZ": "",
            "type": "Points"
        },
        {
            "id": "Pronasale/Tip",
            "name": "Pronasale/Tip",
            "abbrv": "prn",
            "list": "Y",
            "imageFile": "feature_point_pronasale_tip-lateral(l).png",
            "description": "The most protrusive point on the nasal tip in the midline.",
            "references": "(18)",
            "usedInMeasurements": [
                "Ala/Alar_Length_(left)",
                "Ala/Alar_Length_(right)",
                "Ala/Alar_Length_(right)_Surface",
                "Infratip_Lobule/Infralobule",
                "Infratip_Lobule/Infralobule_Surface",
                "Nasal_Bridge_Length",
                "Nasal_Bridge_Length_Surface",
                "Nasal_Tip_Projection",
                "Nasal_Tip_Projection_Surface",
                "Supratip_Lobule",
                "Supratip_Lobule_Surface",
                "Columellar_Lobular_Angle",
                "Degree_of_Deviation_(C-type)",
                "Degree_of_Deviation_(I-type)",
                "Interalar_Angle",
                "Mentocervical_Angle",
                "Nasal_Tip_Angle",
                "Nasofacial_Angle",
                "Nasofrontal_Angle",
                "Nasolabial_Angle_I",
                "Nasomental_Angle",
                "Total_Facial_Convexity_Angle",
                "Nasal_Tip_Projection:_Baum",
                "Nasal_Tip_Projection:_Byrd_and_Hobar",
                "Nasal_Tip_Projection:_Crumley_and_Lanser_I",
                "Nasal_Tip_Projection:_Crumley_and_Lanser_II",
                "Nasal_Tip_Projection:_Goode",
                "Nasal_Tip_Projection:_Powell_and_Humphries",
                "Nasal_Tip_Projection:_Simons",
                "Nasal_Width-Length_Ratio"
            ],
            "xVal": 0.55,
            "yVal": -12.64,
            "zVal": 121.03,
            "cameraX": "",
            "cameraY": "",
            "cameraZ": "",
            "type": "Points"
        },
        {
            "id": "Rhinion",
            "name": "Rhinion",
            "abbrv": "r",
            "list": "Y",
            "imageFile": "feature_point_rhinion-frontal.png",
            "description": "Osseocartilaginous junction. A craniometric point corresponding to the lower end of the suture between the two nasal bones.",
            "references": "(32)",
            "usedInMeasurements": [
                "Kyphion_Angle"
            ],
            "xVal": -0.08,
            "yVal": 8.28,
            "zVal": 110.25,
            "cameraX": "",
            "cameraY": "",
            "cameraZ": "",
            "type": "Points"
        },
        {
            "id": "Subnasale_left",
            "name": "Subnasale - left",
            "abbrv": "sn_l",
            "list": "Y",
            "imageFile": "feature_point_subnasale_left-basal.png",
            "description": "Indicates the midpoint of the left columella crest where the thickness of the columella (sn'-sn') is measured.",
            "references": "(12)",
            "usedInMeasurements": [
                "Columella_Width_I_Surface",
                "Columella_Width_I",
                "Angle_of_Subnasale_left"
            ],
            "xVal": 5.56,
            "yVal": -22.29,
            "zVal": 106.11,
            "cameraX": "",
            "cameraY": "",
            "cameraZ": "",
            "type": "Points"
        },
        {
            "id": "Subnasale_right",
            "name": "Subnasale - right",
            "abbrv": "sn_r",
            "list": "Y",
            "imageFile": "feature_point_subnasale_right-basal.png",
            "description": "Indicates the midpoint of the right columella crest where the thickness of the columella (sn'-sn') is measured.",
            "references": "(12)",
            "usedInMeasurements": [
                "Columella_Width_I_Surface",
                "Columella_Width_I",
                "Angle_of_Subnasale_right"
            ],
            "xVal": -3.3,
            "yVal": -22.58,
            "zVal": 104.59,
            "cameraX": "",
            "cameraY": "",
            "cameraZ": "",
            "type": "Points"
        },
        {
            "id": "Subnasale",
            "name": "Subnasale",
            "abbrv": "sn",
            "list": "Y",
            "imageFile": "feature_point_subnasale-basal.png",
            "description": "The midpoint of the columella base. The deepest point at the junction of the base of the columella and the upper lip in the midline. Located at the apex of the nasolabial angle in the midline, where the inferior border of the nasal septum meets the skin of the upper lip.",
            "references": "(20)",
            "usedInMeasurements": [
                "Columella_Length_Surface",
                "Columella_Length",
                "Lower_Facial_Height",
                "Lower_Facial_Height_Surface",
                "Mid-Facial_Height",
                "Mid-Facial_Height_Surface",
                "Nasal_Tip_Projection",
                "Nasal_Tip_Projection_Surface",
                "Nose_Height",
                "Nose_Height_Surface",
                "Nostril_Floor_Width_(left)",
                "Nostril_Floor_Width_(left)_Surface",
                "Nostril_Floor_Width_(right)",
                "Nostril_Floor_Width_(right)_Surface",
                "Premaxilla_-_left",
                "Premaxilla_-_left_Surface",
                "Premaxilla_-_right",
                "Premaxilla_-_right_Surface",
                "Upper_Lip_Height",
                "Upper_Lip_Height_Surface",
                "Columellar_Labial_Angle",
                "Columellar_Lobular_Angle",
                "Nasal_Tip_Angle",
                "Nasolabial_Angle_I",
                "Nasal_Tip_Projection:_Baum",
                "Nasal_Tip_Projection:_Powell_and_Humphries",
                "Nasal_Tip_Projection:_Simons"
            ],
            "xVal": 0.55,
            "yVal": -24.9,
            "zVal": 108.11,
            "cameraX": "",
            "cameraY": "",
            "cameraZ": "",
            "type": "Points"
        },
        {
            "id": "Supratip_Break_Point",
            "name": "Supratip Break Point",
            "abbrv": "s",
            "list": "Y",
            "imageFile": "feature_point_supratip_break_point-lateral(l).png",
            "description": "The area just cephalad to the nasal tip at the caudal portion of the nasal dorsum.",
            "references": "(38)",
            "usedInMeasurements": [
                "Supratip_Lobule",
                "Supratip_Lobule_Surface"
            ],
            "xVal": -1.15,
            "yVal": 5.86,
            "zVal": 111.69,
            "cameraX": "",
            "cameraY": "",
            "cameraZ": "",
            "type": "Points"
        },
        {
            "id": "Tip_Defining_Point_left",
            "name": "Tip Defining Point - left",
            "abbrv": "td_l",
            "list": "Y",
            "imageFile": "feature_point_tip_defining_point_left-frontal.png",
            "description": "The nasal tip defining point (TDP) is the most anterior projection of the tip cartilages, usually corresponding to the apex of the lobular arch anatomically, and is typically identified externally where the light reflex is seen on the nasal tip.",
            "references": "(39)",
            "usedInMeasurements": [
                "Tip/Lobule_Width",
                "Tip/Lobule_Width_Surface",
                "Lobule_-_Base_Ratio"
            ],
            "xVal": 5,
            "yVal": -13.63,
            "zVal": 119.84,
            "cameraX": "",
            "cameraY": "",
            "cameraZ": "",
            "type": "Points"
        },
        {
            "id": "Tip_Defining_Point_right",
            "name": "Tip Defining Point - right",
            "abbrv": "td_r",
            "list": "Y",
            "imageFile": "feature_point_tip_defining_point_right-frontal.png",
            "description": "The nasal tip defining point (TDP) is the most anterior projection of the tip cartilages, usually corresponding to the apex of the lobular arch anatomically, and is typically identified externally where the light reflex is seen on the nasal tip.",
            "references": "(39)",
            "usedInMeasurements": [
                "Tip/Lobule_Width",
                "Tip/Lobule_Width_Surface",
                "Lobule_-_Base_Ratio"
            ],
            "xVal": -4.76,
            "yVal": -13.88,
            "zVal": 118.52,
            "cameraX": "",
            "cameraY": "",
            "cameraZ": "",
            "type": "Points"
        },
        {
            "id": "Tragion_left",
            "name": "Tragion - left",
            "abbrv": "t_l",
            "list": "Y",
            "imageFile": "feature_point_tragion_left-lateral.png",
            "description": "The notch on the upper margin of the left tragus. A bilateral landmark located within the small notch at the superior extent of the tragus (cartilaginous projection just anterior to the auditory meatus), where the cartilage meets the face.",
            "references": "(14, 18)",
            "usedInMeasurements": [
                "Angle_of_Alar_Crease_left",
                "Angle_of_Distant_Chin_left",
                "Angle_of_Labiale_Inferius_left",
                "Angle_of_Labiale_Superius_left",
                "Angle_of_Pogonion_left",
                "Angle_of_Pronasale_left",
                "Angle_of_Sellion_left",
                "Angle_of_Subnasale_left",
                "Facial_Angle",
                "Medium_Facial_Third_Angle_left",
                "Nasomaxillary_Angle"
            ],
            "xVal": 76.81,
            "yVal": 2.42,
            "zVal": -11.73,
            "cameraX": "",
            "cameraY": "",
            "cameraZ": "",
            "type": "Points"
        },
        {
            "id": "Tragion_right",
            "name": "Tragion - right",
            "abbrv": "t_r",
            "list": "Y",
            "imageFile": "feature_point_tragion_right-lateral.png",
            "description": "The notch on the upper margin of the right tragus. A bilateral landmark located within the small notch at the superior extent of the tragus (cartilaginous projection just anterior to the auditory meatus), where the cartilage meets the face.",
            "references": "(14, 18)",
            "usedInMeasurements": [
                "Angle_of_Alar_Crease_right",
                "Angle_of_Distant_Chin_right",
                "Angle_of_Labiale_Inferius_right",
                "Angle_of_Labiale_Superius_right",
                "Angle_of_Pogonion_right",
                "Angle_of_Pronasale_right",
                "Angle_of_Sellion_right",
                "Angle_of_Subnasale_right",
                "Facial_Angle",
                "Mandibular_Angle",
                "Maxillary_Angle",
                "Medium_Facial_Third_Angle_right",
                "Nasal_Angle",
                "Nasomaxillary_Angle"
            ],
            "xVal": -77,
            "yVal": 4.32,
            "zVal": -12.68,
            "cameraX": "",
            "cameraY": "",
            "cameraZ": "",
            "type": "Points"
        },
        {
            "id": "Trichion",
            "name": "Trichion",
            "abbrv": "tr",
            "list": "Y",
            "imageFile": "feature_point_trichion-frontal.png",
            "description": "The point on the hairline in the midline of the forehead.",
            "references": "(19)",
            "usedInMeasurements": [
                "Face_Length/Height",
                "Face_Length/Height_Surface",
                "Upper_Facial_Height"
            ],
            "xVal": 1.85,
            "yVal": 72.96,
            "zVal": 76.25,
            "cameraX": "",
            "cameraY": "",
            "cameraZ": "",
            "type": "Points"
        },
        {
            "id": "Vertex",
            "name": "Vertex",
            "abbrv": "v",
            "list": "Y",
            "imageFile": "feature_point_vertex-lateral(l).png",
            "description": "The topmost point of the vault of the cranium.",
            "references": "(33)",
            "usedInMeasurements": [
                ""
            ],
            "xVal": 0.55,
            "yVal": 110.29,
            "zVal": 41.06,
            "cameraX": "",
            "cameraY": "",
            "cameraZ": "",
            "type": "Points"
        }
    ],
    "measurements": [
        {
            "id": "Ala/Alar_Length_(left)",
            "name": "Ala/Alar Length (left)",
            "surfaceDistId": "Ala/Alar_Length_(left)_Surface",
            "imageFile": "measurement_distance_left_alar_length-basal.png",
            "description": "The distance from pronasale/tip (prn) to alar base junction/alar crease - left (ac_l)",
            "type": "Distances",
            "group": "Distances",
            "list": "Y",
            "references": "(12, 18, 51, 52)",
            "usedFeatures": [
                "Pronasale/Tip",
                "Alar_Crest/Alar_Curvature/Alar_Base_Junction/Alar-Facial_Groove/Alar-Cheek_Junction/Alar_Crease_left"
            ],
            "beginningPoint": {
                "x": 0,
                "y": 0,
                "z": 0
            },
            "endPoint": {
                "x": 0,
                "y": 0,
                "z": 0
            },
            "value": "28.39",
            "cameraX": "",
            "cameraY": "",
            "cameraZ": "",
            "formula": "$$\\sqrt{\\left(Prn.x-Ac_l.x\\right)^2+\\left(Prn.y-Ac_l.y\\right)^2+\\left(Prn.z-Ac_l.z\\right)^2}$$",
            "rangeStart": "1",
            "rangeEnd": "200"
        },
        {
            "id": "Ala/Alar_Length_(right)",
            "name": "Ala/Alar Length (right)",
            "surfaceDistId": "Ala/Alar_Length_(right)_Surface",
            "imageFile": "measurement_distance_right_alar_length-basal.png",
            "description": "The distance from pronasale/tip (prn) to alar base junction/alar crease - right (ac_r)",
            "type": "Distances",
            "group": "Distances",
            "list": "Y",
            "references": "(12, 18, 51, 52)",
            "usedFeatures": [
                "Pronasale/Tip",
                "Alar_Crest/Alar_Curvature/Alar_Base_Junction/Alar-Facial_Groove/Alar-Cheek_Junction/Alar_Crease_right"
            ],
            "beginningPoint": {
                "x": 0,
                "y": 0,
                "z": 0
            },
            "endPoint": {
                "x": 0,
                "y": 0,
                "z": 0
            },
            "value": "29.77",
            "cameraX": "",
            "cameraY": "",
            "cameraZ": "",
            "formula": "$$\\sqrt{\\left(Prn.x-Ac_r.x\\right)^2+\\left(Prn.y-Ac_r.y\\right)^2+\\left(Prn.z-Ac_r.z\\right)^2}$$",
            "rangeStart": "1",
            "rangeEnd": "200"
        },
        {
            "id": "Alar_Base_Width",
            "name": "Alar Base Width",
            "surfaceDistId": "Alar_Base_Width_Surface",
            "imageFile": "measurement_distance_alar_base_width-basal.png",
            "description": "The distance from alar base junction/alar crease - left (ac_l) to alar base junction/alar crease - right (ac_r)",
            "type": "Distances",
            "group": "Distances",
            "list": "Y",
            "references": "(25, 51)",
            "usedFeatures": [
                "Alar_Crest/Alar_Curvature/Alar_Base_Junction/Alar-Facial_Groove/Alar-Cheek_Junction/Alar_Crease_left",
                "Alar_Crest/Alar_Curvature/Alar_Base_Junction/Alar-Facial_Groove/Alar-Cheek_Junction/Alar_Crease_right"
            ],
            "beginningPoint": {
                "x": 0,
                "y": 0,
                "z": 0
            },
            "endPoint": {
                "x": 0,
                "y": 0,
                "z": 0
            },
            "value": "30.98",
            "cameraX": "",
            "cameraY": "",
            "cameraZ": "",
            "formula": "$$\\sqrt{\\left(Ac_l.x-Ac_r.x\\right)^2+\\left(Ac_l.y-Ac_r.y\\right)^2+\\left(Ac_l.z-Ac_r.z\\right)^2}$$",
            "rangeStart": "1",
            "rangeEnd": "200"
        },
        {
            "id": "Base_Bony_Width",
            "name": "Base Bony Width",
            "surfaceDistId": "Base_Bony_Width_Surface",
            "imageFile": "measurement_distance_base_bony_width-frontal.png",
            "description": "The distance from nasal parenthesis - left (np_l) to nasal parenthesis - right (np_r)",
            "type": "Distances",
            "group": "Distances",
            "list": "Y",
            "references": "(30)",
            "usedFeatures": [
                "Nasal_Parenthesis_left",
                "Nasal_Parenthesis_right"
            ],
            "beginningPoint": {
                "x": 0,
                "y": 0,
                "z": 0
            },
            "endPoint": {
                "x": 0,
                "y": 0,
                "z": 0
            },
            "value": "37.65",
            "cameraX": "",
            "cameraY": "",
            "cameraZ": "",
            "formula": "$$\\sqrt{\\left(Np_l.x-Np_r.x\\right)^2+\\left(Np_l.y-Np_r.y\\right)^2+\\left(Np_l.z-Np_r.z\\right)^2}$$",
            "rangeStart": "1",
            "rangeEnd": "200"
        },
        {
            "id": "Columella_Length_I",
            "name": "Columella Length",
            "surfaceDistId": "Columella_Length_I_Surface",
            "imageFile": "measurement_distance_columella_length_I-lateral(l).png",
            "description": "The distance between subnasale (sn) and columella breakpoint (cb)",
            "type": "Distances",
            "group": "Distances",
            "list": "Y",
            "references": "(54)",
            "usedFeatures": [
                "Subnasale",
                "Columellar_Break_Point"
            ],
            "beginningPoint": {
                "x": 0,
                "y": 0,
                "z": 0
            },
            "endPoint": {
                "x": 0,
                "y": 0,
                "z": 0
            },
            "value": "6.04",
            "cameraX": "",
            "cameraY": "",
            "cameraZ": "",
            "formula": "$$\\sqrt{\\left(Sn.x-C.x\\right)^2+\\left(Sn.y-C.y\\right)^2+\\left(Sn.z-C.z\\right)^2}$$",
            "rangeStart": "1",
            "rangeEnd": "200"
        },
        {
            "id": "Columella_Width_I",
            "name": "Columella Width",
            "surfaceDistId": "Columella_Width_I_Surface",
            "imageFile": "measurement_distance_columella_width_I-basal.png",
            "description": "The distance from subnasale - left (sn_l) to subnasale - right (sn_r)",
            "type": "Distances",
            "group": "Distances",
            "list": "Y",
            "references": "(12, 51, 52, 54)",
            "usedFeatures": [
                "Subnasale_left",
                "Subnasale_right"
            ],
            "beginningPoint": {
                "x": 0,
                "y": 0,
                "z": 0
            },
            "endPoint": {
                "x": 0,
                "y": 0,
                "z": 0
            },
            "value": "8.99",
            "cameraX": "",
            "cameraY": "",
            "cameraZ": "",
            "formula": "$$\\sqrt{\\left(Sn’_l.x-Sn’_r.x\\right)^2+\\left(Sn’_l.y-Sn’_r.y\\right)^2+\\left(Sn’_l.z-Sn’_r.z\\right)^2}$$",
            "rangeStart": "1",
            "rangeEnd": "200"
        },
        {
            "id": "Infratip_Lobule/Infralobule",
            "name": "Infratip Lobule Length",
            "surfaceDistId": "Infratip_Lobule/Infralobule_Surface",
            "imageFile": "measurement_distance_infratip_lobule-lateral(l).png",
            "description": "The distance from pronasale/tip (prn) to columella break point (cb)",
            "type": "Distances",
            "group": "Distances",
            "list": "Y",
            "references": "(58)",
            "usedFeatures": [
                "Pronasale/Tip",
                "Columellar_Break_Point"
            ],
            "beginningPoint": {
                "x": 0,
                "y": 0,
                "z": 0
            },
            "endPoint": {
                "x": 0,
                "y": 0,
                "z": 0
            },
            "value": "12.01",
            "cameraX": "",
            "cameraY": "",
            "cameraZ": "",
            "formula": "$$\\sqrt{\\left(Prn.x-C.x\\right)^2+\\left(Prn.y-C.y\\right)^2+\\left(Prn.z-C.z\\right)^2}$$",
            "rangeStart": "1",
            "rangeEnd": "200"
        },
        {
            "id": "Interalar_Distance",
            "name": "Interalar Distance",
            "surfaceDistId": "Interalar_Distance_Surface",
            "imageFile": "measurement_distance_interalar_distance-frontal.png",
            "description": "The distance from alare/alar flare - left (al_l) to alar/alar flare - right (al_r).",
            "type": "Distances",
            "group": "Distances",
            "list": "Y",
            "references": "(12, 18, 25, 48, 51, 59, 60",
            "usedFeatures": [
                "Alare/Alar_Flare_left",
                "Alare/Alar_Flare_right"
            ],
            "beginningPoint": {
                "x": 0,
                "y": 0,
                "z": 0
            },
            "endPoint": {
                "x": 0,
                "y": 0,
                "z": 0
            },
            "value": "33.64",
            "cameraX": "",
            "cameraY": "",
            "cameraZ": "",
            "formula": "$$\\sqrt{\\left(Al_l.x-Al_r.x\\right)^2+\\left(Al_l.y-Al_r.y\\right)^2+\\left(Al_l.z-Al_r.z\\right)^2}$$",
            "rangeStart": "1",
            "rangeEnd": "200"
        },
        {
            "id": "(Inner)_Intercanthal_Distance/Width",
            "name": "(Inner) Intercanthal Distance/Width",
            "surfaceDistId": "(Inner)_Intercanthal_Distance/Width_Surface",
            "imageFile": "measurement_distance_intercanthal_distance-frontal.png",
            "description": "The distance from endocanthion/medial canthus - left (en_l) to endocanthion/medial canthus - right (en_r)",
            "type": "Distances",
            "group": "Distances",
            "list": "Y",
            "references": "(18, 61)",
            "usedFeatures": [
                "Endocanthion/Medial_Canthus_left",
                "Endocanthion/Medial_Canthus_right"
            ],
            "beginningPoint": {
                "x": 0,
                "y": 0,
                "z": 0
            },
            "endPoint": {
                "x": 0,
                "y": 0,
                "z": 0
            },
            "value": "30.96",
            "cameraX": "",
            "cameraY": "",
            "cameraZ": "",
            "formula": "$$\\sqrt{\\left(En_l.x-En_r.x\\right)^2+\\left(En_l.y-En_r.y\\right)^2+\\left(En_l.z-En_r.z\\right)^2}$$",
            "rangeStart": "1",
            "rangeEnd": "200"
        },
        {
            "id": "Mid-Facial_Height",
            "name": "Mid-Facial Height",
            "surfaceDistId": "Mid-Facial_Height_Surface",
            "imageFile": "measurement_distance_mid_facial_height-frontal.png",
            "description": "The distance between subnasale (sn) and glabella (g)",
            "type": "Distances",
            "group": "Distances",
            "list": "N",
            "references": "(34, 59)",
            "usedFeatures": [
                "Subnasale",
                "Glabella"
            ],
            "beginningPoint": {
                "x": 0,
                "y": 0,
                "z": 0
            },
            "endPoint": {
                "x": 0,
                "y": 0,
                "z": 0
            },
            "value": "128.11",
            "cameraX": "",
            "cameraY": "",
            "cameraZ": "",
            "formula": "$$\\sqrt{\\left(G.x-Sn.x\\right)^2+\\left(G.y-Sn.y\\right)^2+\\left(G.z-Sn.z\\right)^2}$$",
            "rangeStart": "1",
            "rangeEnd": "200"
        },
        {
            "id": "Nasal_Bridge_Length",
            "name": "Nasal Bridge Length",
            "surfaceDistId": "Nasal_Bridge_Length_Surface",
            "imageFile": "measurement_distance_nasal_bridge_length-lateral(l).png",
            "description": "The distance from pronasale/tip (prn) to nasion (n)",
            "type": "Distances",
            "group": "Distances",
            "list": "Y",
            "references": "(17, 18, 51, 52)",
            "usedFeatures": [
                "Pronasale/Tip",
                "Nasion/Radix"
            ],
            "beginningPoint": {
                "x": 0,
                "y": 0,
                "z": 0
            },
            "endPoint": {
                "x": 0,
                "y": 0,
                "z": 0
            },
            "value": "43.50",
            "cameraX": "",
            "cameraY": "",
            "cameraZ": "",
            "formula": "$$\\sqrt{\\left(Prn.x-N.x\\right)^2+\\left(Prn.y-N.y\\right)^2+\\left(Prn.z-N.z\\right)^2}$$",
            "rangeStart": "1",
            "rangeEnd": "200"
        },
        {
            "id": "Nasal_Root_Width",
            "name": "Nasal Root Width",
            "surfaceDistId": "Nasal_Root_Width_Surface",
            "imageFile": "measurement_distance_nasal_root_width-frontal.png",
            "description": "Distance from maxillofrontale - left (mf_l) to maxillofrontale - right (mf_r)",
            "type": "Distances",
            "group": "Distances",
            "list": "Y",
            "references": "(25, 26, 52, 66)",
            "usedFeatures": [
                "Maxillofrontale_left",
                "Maxillofrontale_right"
            ],
            "beginningPoint": {
                "x": 0,
                "y": 0,
                "z": 0
            },
            "endPoint": {
                "x": 0,
                "y": 0,
                "z": 0
            },
            "value": "19.37",
            "cameraX": "",
            "cameraY": "",
            "cameraZ": "",
            "formula": "$$\\sqrt{\\left(Mf_l.x-Mf_r.x\\right)^2+\\left(Mf_l.y-Mf_r.y\\right)^2+\\left(Mf_l.z-Mf_r.z\\right)^2}$$",
            "rangeStart": "1",
            "rangeEnd": "200"
        },
        {
            "id": "Nasal_Tip_Projection",
            "name": "Nasal Tip Projection",
            "surfaceDistId": "Nasal_Tip_Projection_Surface",
            "imageFile": "measurement_distance_nasal_tip_projection_I-lateral(l).png",
            "description": "The distance from pronasale/Tip (prn) to subnasale (sn)",
            "type": "Distances",
            "group": "Distances",
            "list": "Y",
            "references": "(64)",
            "usedFeatures": [
                "Subnasale",
                "Pronasale/Tip"
            ],
            "beginningPoint": {
                "x": 0,
                "y": 0,
                "z": 0
            },
            "endPoint": {
                "x": 0,
                "y": 0,
                "z": 0
            },
            "value": "17.81",
            "cameraX": "",
            "cameraY": "",
            "cameraZ": "",
            "formula": "$$\\sqrt{\\left(Prn.x-Sn.x\\right)^2+\\left(Prn.y-Sn.y\\right)^2+\\left(Prn.z-Sn.z\\right)^2}$$",
            "rangeStart": "1",
            "rangeEnd": "200"
        },
        {
            "id": "Nose_Height",
            "name": "Nose Height",
            "surfaceDistId": "Nose_Height_Surface",
            "imageFile": "measurement_distance_nose_height-lateral(l).png",
            "description": "The distance from Subnasale (sn) to Nasion (n)",
            "type": "Distances",
            "group": "Distances",
            "list": "Y",
            "references": "(18, 25, 51, 52)",
            "usedFeatures": [
                "Subnasale",
                "Nasion/Radix"
            ],
            "beginningPoint": {
                "x": 0,
                "y": 0,
                "z": 0
            },
            "endPoint": {
                "x": 0,
                "y": 0,
                "z": 0
            },
            "value": "50.67",
            "cameraX": "",
            "cameraY": "",
            "cameraZ": "",
            "formula": "$$\\sqrt{\\left(Sn.x-N.x\\right)^2+\\left(Sn.y-N.y\\right)^2+\\left(Sn.z-N.z\\right)^2}$$",
            "rangeStart": "1",
            "rangeEnd": "200"
        },
        {
            "id": "Premaxilla_-_left",
            "name": "Premaxilla - left",
            "surfaceDistId": "Premaxilla_-_left_Surface",
            "imageFile": "measurement_distance_left_premaxilla-lateral(l).png",
            "description": "The distance between subnasale (sn) and alar base junction/alar crease - left (ac_l)",
            "type": "Distances",
            "group": "Distances",
            "list": "Y",
            "references": "(18)",
            "usedFeatures": [
                "Subnasale",
                "Alar_Crest/Alar_Curvature/Alar_Base_Junction/Alar-Facial_Groove/Alar-Cheek_Junction/Alar_Crease_left"
            ],
            "beginningPoint": {
                "x": 0,
                "y": 0,
                "z": 0
            },
            "endPoint": {
                "x": 0,
                "y": 0,
                "z": 0
            },
            "value": "18.04",
            "cameraX": "",
            "cameraY": "",
            "cameraZ": "",
            "formula": "$$\\sqrt{\\left(Sn.x-Ac_l.x\\right)^2+\\left(Sn.y-Ac_l.y\\right)^2+\\left(Sn.z-Ac_l.z\\right)^2}$$",
            "rangeStart": "1",
            "rangeEnd": "200"
        },
        {
            "id": "Premaxilla_-_right",
            "name": "Premaxilla - right",
            "surfaceDistId": "Premaxilla_-_right_Surface",
            "imageFile": "measurement_distance_right_premaxilla-lateral(r).png",
            "description": "The distance between subnasale (sn) and alar base junction/alar crease - right (ac_r)",
            "type": "Distances",
            "group": "Distances",
            "list": "Y",
            "references": "(18)",
            "usedFeatures": [
                "Subnasale",
                "Alar_Crest/Alar_Curvature/Alar_Base_Junction/Alar-Facial_Groove/Alar-Cheek_Junction/Alar_Crease_right"
            ],
            "beginningPoint": {
                "x": 0,
                "y": 0,
                "z": 0
            },
            "endPoint": {
                "x": 0,
                "y": 0,
                "z": 0
            },
            "value": "18.43",
            "cameraX": "",
            "cameraY": "",
            "cameraZ": "",
            "formula": "$$\\sqrt{\\left(Sn.x-Ac_r.x\\right)^2+\\left(Sn.y-Ac_r.y\\right)^2+\\left(Sn.z-Ac_r.z\\right)^2}$$",
            "rangeStart": "1",
            "rangeEnd": "200"
        },
        {
            "id": "Supratip_Lobule",
            "name": "Supratip Lobule",
            "surfaceDistId": "Supratip_Lobule_Surface",
            "imageFile": "measurement_distance_supratip_lobule-lateral(l).png",
            "description": "The distance from pronasale/tip (prn) to supratip break point (s)",
            "type": "Distances",
            "group": "Distances",
            "list": "Y",
            "references": "(13, 68)",
            "usedFeatures": [
                "Pronasale/Tip",
                "Supratip_Break_Point"
            ],
            "beginningPoint": {
                "x": 0,
                "y": 0,
                "z": 0
            },
            "endPoint": {
                "x": 0,
                "y": 0,
                "z": 0
            },
            "value": "20.79",
            "cameraX": "",
            "cameraY": "",
            "cameraZ": "",
            "formula": "$$\\sqrt{\\left(Prn.x-S.x\\right)^2+\\left(Prn.y-S.y\\right)^2+\\left(Prn.z-S.z\\right)^2}$$",
            "rangeStart": "1",
            "rangeEnd": "200"
        },
        {
            "id": "Tip/Lobule_Width",
            "name": "Tip/Lobule Width",
            "surfaceDistId": "Tip/Lobule_Width_Surface",
            "imageFile": "measurement_distance_lobule_width-frontal.png",
            "description": "The distance from tip defining point - left (td_l) to tip defining point - right (td_r)",
            "type": "Distances",
            "group": "Distances",
            "list": "Y",
            "references": "(69)",
            "usedFeatures": [
                "Tip_Defining_Point_left",
                "Tip_Defining_Point_right"
            ],
            "beginningPoint": {
                "x": 0,
                "y": 0,
                "z": 0
            },
            "endPoint": {
                "x": 0,
                "y": 0,
                "z": 0
            },
            "value": "9.85",
            "cameraX": "",
            "cameraY": "",
            "cameraZ": "",
            "formula": "$$\\sqrt{\\left(Td_l.x-Td_r.x\\right)^2+\\left(Td_l.y-Td_r.y\\right)^2+\\left(Td_l.z-Td_r.z\\right)^2}$$",
            "rangeStart": "1",
            "rangeEnd": "200"
        },
        {
            "id": "Alar_Base_Width_Surface",
            "name": "Alar Base Width - Surface",
            "flyDistId": "Alar_Base_Width",
            "numberOfSegments": 31,
            "imageFile": "measurement_distance_alar_base_width-basal.png",
            "description": "The surface distance from alar base junction/alar crease - left (ac_l) to alar base junction/alar crease - right (ac_r)",
            "type": "Distances - Surface",
            "group": "Surface Distances",
            "typeOfView": "basal",
            "references": "Please check the corresponding 'not surface' measurement",
            "referencesFly": "(25, 51)",
            "storedPoints": [
                {
                    "x": 15.17,
                    "y": -22.97,
                    "z": 100.51
                },
                {
                    "x": 14.16,
                    "y": -23.17,
                    "z": 100.84
                },
                {
                    "x": 13.16,
                    "y": -23.37,
                    "z": 101.19
                },
                {
                    "x": 12.16,
                    "y": -23.53,
                    "z": 101.43
                },
                {
                    "x": 11.15,
                    "y": -23.77,
                    "z": 101.85
                },
                {
                    "x": 10.15,
                    "y": -24.01,
                    "z": 102.27
                },
                {
                    "x": 9.15,
                    "y": -24.25,
                    "z": 102.7
                },
                {
                    "x": 8.15,
                    "y": -24.54,
                    "z": 103.25
                },
                {
                    "x": 7.15,
                    "y": -24.84,
                    "z": 103.8
                },
                {
                    "x": 6.16,
                    "y": -25.13,
                    "z": 104.35
                },
                {
                    "x": 5.16,
                    "y": -25.41,
                    "z": 104.87
                },
                {
                    "x": 4.17,
                    "y": -25.63,
                    "z": 105.24
                },
                {
                    "x": 3.19,
                    "y": -25.85,
                    "z": 105.61
                },
                {
                    "x": 2.2,
                    "y": -25.95,
                    "z": 105.72
                },
                {
                    "x": 1.22,
                    "y": -26.06,
                    "z": 105.85
                },
                {
                    "x": 0.24,
                    "y": -26.05,
                    "z": 105.72
                },
                {
                    "x": -0.75,
                    "y": -26.05,
                    "z": 105.58
                },
                {
                    "x": -1.73,
                    "y": -25.94,
                    "z": 105.22
                },
                {
                    "x": -2.71,
                    "y": -25.84,
                    "z": 104.85
                },
                {
                    "x": -3.7,
                    "y": -25.67,
                    "z": 104.34
                },
                {
                    "x": -4.69,
                    "y": -25.5,
                    "z": 103.82
                },
                {
                    "x": -5.68,
                    "y": -25.32,
                    "z": 103.28
                },
                {
                    "x": -6.68,
                    "y": -25.15,
                    "z": 102.75
                },
                {
                    "x": -7.67,
                    "y": -25.03,
                    "z": 102.36
                },
                {
                    "x": -8.67,
                    "y": -24.89,
                    "z": 101.9
                },
                {
                    "x": -9.67,
                    "y": -24.73,
                    "z": 101.41
                },
                {
                    "x": -10.67,
                    "y": -24.54,
                    "z": 100.85
                },
                {
                    "x": -11.67,
                    "y": -24.4,
                    "z": 100.4
                },
                {
                    "x": -12.68,
                    "y": -24.1,
                    "z": 99.57
                },
                {
                    "x": -13.69,
                    "y": -23.9,
                    "z": 98.99
                }
            ],
            "list": "Y",
            "usedFeatures": [
                "Alar_Crest/Alar_Curvature/Alar_Base_Junction/Alar-Facial_Groove/Alar-Cheek_Junction/Alar_Crease_left",
                "Alar_Crest/Alar_Curvature/Alar_Base_Junction/Alar-Facial_Groove/Alar-Cheek_Junction/Alar_Crease_right"
            ],
            "value": "35.22",
            "cameraX": "",
            "cameraY": "",
            "cameraZ": "",
            "formula": "",
            "rangeStart": "1",
            "rangeEnd": "200"
        },
        {
            "id": "Columella_Length_I_Surface",
            "name": "Columella Length - Surface",
            "flyDistId": "Columella_Length_I",
            "numberOfSegments": 7,
            "imageFile": "measurement_distance_columella_length_I-lateral(l).png",
            "description": "The surface distance between subnasale (sn) and columella breakpoint (cb)",
            "type": "Distances - Surface",
            "group": "Surface Distances",
            "typeOfView": "front",
            "references": "Please check the corresponding 'not surface' measurement",
            "referencesFly": "(54)",
            "storedPoints": [
                {
                    "x": -0.15333333333333335,
                    "y": -29.275555555555556,
                    "z": 93.78
                },
                {
                    "x": -0.16666666666666669,
                    "y": -28.961111111111112,
                    "z": 94.14
                },
                {
                    "x": -0.18,
                    "y": -28.64666666666667,
                    "z": 94.51
                },
                {
                    "x": -0.19333333333333336,
                    "y": -28.332222222222224,
                    "z": 95.36
                },
                {
                    "x": -0.20666666666666667,
                    "y": -28.017777777777777,
                    "z": 96.22
                },
                {
                    "x": -0.22,
                    "y": -27.703333333333333,
                    "z": 97.12
                },
                {
                    "x": -0.23333333333333334,
                    "y": -27.38888888888889,
                    "z": 98.68
                },
                {
                    "x": -0.24666666666666667,
                    "y": -27.074444444444445,
                    "z": 99.97
                }
            ],
            "list": "Y",
            "usedFeatures": [
                "Subnasale",
                "Columellar_Break_Point"
            ],
            "value": "8.19",
            "cameraX": "",
            "cameraY": "",
            "cameraZ": "",
            "formula": "",
            "rangeStart": "1",
            "rangeEnd": "200"
        },
        {
            "id": "Columella_Width_I_Surface",
            "name": "Columella Width - Surface",
            "flyDistId": "Columella_Width_I",
            "numberOfSegments": 9,
            "imageFile": "measurement_distance_columella_width_I-basal.png",
            "description": "The surface distance from subnasale - left (sn_l) to subnasale - right (sn_r)",
            "type": "Distances - Surface",
            "group": "Surface Distances",
            "typeOfView": "steepBasal",
            "references": "Please check the corresponding 'not surface' measurement",
            "referencesFly": "(12, 51, 52, 54)",
            "storedPoints": [
                {
                    "x": -3.51,
                    "y": -28.1,
                    "z": 93.02
                },
                {
                    "x": -2.53,
                    "y": -28.72,
                    "z": 93.34
                },
                {
                    "x": -1.55,
                    "y": -29.15,
                    "z": 93.56
                },
                {
                    "x": -0.58,
                    "y": -29.33,
                    "z": 93.64
                },
                {
                    "x": 0.4,
                    "y": -29.32,
                    "z": 93.61
                },
                {
                    "x": 1.37,
                    "y": -29.19,
                    "z": 93.53
                },
                {
                    "x": 2.35,
                    "y": -28.7,
                    "z": 93.25
                },
                {
                    "x": 3.33,
                    "y": -28.44,
                    "z": 93.1
                }
            ],
            "list": "Y",
            "usedFeatures": [
                "Subnasale_left",
                "Subnasale_right"
            ],
            "value": "10.13",
            "cameraX": "",
            "cameraY": "",
            "cameraZ": "",
            "formula": "",
            "rangeStart": "1",
            "rangeEnd": "200"
        },
        {
            "id": "Interalar_Distance_Surface",
            "name": "Interalar Distance - Surface",
            "flyDistId": "Interalar_Distance",
            "numberOfSegments": 34,
            "imageFile": "measurement_distance_interalar_distance-frontal.png",
            "description": "The surface distance from alare/alar flare - left (al_l) to alar/alar flare - right (al_r).",
            "type": "Distances - Surface",
            "group": "Surface Distances",
            "typeOfView": "front",
            "references": "Please check the corresponding 'not surface' measurement",
            "referencesFly": "(12, 18, 25, 48, 51, 59, 60",
            "storedPoints": [
                {
                    "x": 16.581764705882353,
                    "y": -18.019117647058824,
                    "z": 103.61
                },
                {
                    "x": 15.593529411764706,
                    "y": -18.01823529411765,
                    "z": 104.98
                },
                {
                    "x": 14.605294117647059,
                    "y": -18.01735294117647,
                    "z": 106.38
                },
                {
                    "x": 13.617058823529412,
                    "y": -18.016470588235293,
                    "z": 107.11
                },
                {
                    "x": 12.628823529411765,
                    "y": -18.015588235294118,
                    "z": 107.86
                },
                {
                    "x": 11.640588235294118,
                    "y": -18.014705882352942,
                    "z": 109.24
                },
                {
                    "x": 10.65235294117647,
                    "y": -18.013823529411763,
                    "z": 111.25
                },
                {
                    "x": 9.664117647058823,
                    "y": -18.012941176470587,
                    "z": 112.9
                },
                {
                    "x": 8.675882352941176,
                    "y": -18.01205882352941,
                    "z": 114.11
                },
                {
                    "x": 7.687647058823529,
                    "y": -18.011176470588236,
                    "z": 115.21
                },
                {
                    "x": 6.699411764705882,
                    "y": -18.010294117647057,
                    "z": 116.11
                },
                {
                    "x": 5.711176470588235,
                    "y": -18.00941176470588,
                    "z": 116.96
                },
                {
                    "x": 4.722941176470588,
                    "y": -18.008529411764705,
                    "z": 117.79
                },
                {
                    "x": 3.734705882352941,
                    "y": -18.00764705882353,
                    "z": 118.11
                },
                {
                    "x": 2.7464705882352938,
                    "y": -18.00676470588235,
                    "z": 118.37
                },
                {
                    "x": 1.7582352941176467,
                    "y": -18.005882352941175,
                    "z": 118.62
                },
                {
                    "x": 0.7699999999999996,
                    "y": -18.005,
                    "z": 118.72
                },
                {
                    "x": -0.21823529411764753,
                    "y": -18.004117647058823,
                    "z": 118.53
                },
                {
                    "x": -1.2064705882352946,
                    "y": -18.003235294117648,
                    "z": 118.34
                },
                {
                    "x": -2.1947058823529417,
                    "y": -18.00235294117647,
                    "z": 118.13
                },
                {
                    "x": -3.182941176470589,
                    "y": -18.001470588235293,
                    "z": 117.52
                },
                {
                    "x": -4.171176470588236,
                    "y": -18.000588235294117,
                    "z": 116.77
                },
                {
                    "x": -5.159411764705883,
                    "y": -17.99970588235294,
                    "z": 116
                },
                {
                    "x": -6.14764705882353,
                    "y": -17.998823529411762,
                    "z": 114.98
                },
                {
                    "x": -7.135882352941177,
                    "y": -17.997941176470587,
                    "z": 113.9
                },
                {
                    "x": -8.124117647058824,
                    "y": -17.99705882352941,
                    "z": 112.43
                },
                {
                    "x": -9.112352941176471,
                    "y": -17.996176470588235,
                    "z": 110.73
                },
                {
                    "x": -10.100588235294119,
                    "y": -17.995294117647056,
                    "z": 108.65
                },
                {
                    "x": -11.088823529411766,
                    "y": -17.99441176470588,
                    "z": 107.67
                },
                {
                    "x": -12.077058823529413,
                    "y": -17.993529411764705,
                    "z": 106.87
                },
                {
                    "x": -13.06529411764706,
                    "y": -17.99264705882353,
                    "z": 105.42
                },
                {
                    "x": -14.053529411764707,
                    "y": -17.99176470588235,
                    "z": 104.13
                },
                {
                    "x": -15.04176470588235,
                    "y": -17.990882352941174,
                    "z": 102.5
                }
            ],
            "list": "Y",
            "usedFeatures": [
                "Alare/Alar_Flare_left",
                "Alare/Alar_Flare_right"
            ],
            "value": "51.60",
            "cameraX": "",
            "cameraY": "",
            "cameraZ": "",
            "formula": "",
            "rangeStart": "1",
            "rangeEnd": "200"
        },
        {
            "id": "Nasal_Bridge_Length_Surface",
            "name": "Nasal Bridge Length - Surface",
            "flyDistId": "Nasal_Bridge_Length",
            "numberOfSegments": 44,
            "imageFile": "measurement_distance_nasal_bridge_length-lateral(l).png",
            "description": "The surface distance from pronasale/tip (prn) to nasion (n)",
            "type": "Distances - Surface",
            "group": "Surface Distances",
            "typeOfView": "front",
            "references": "Please check the corresponding 'not surface' measurement",
            "referencesFly": "(17, 18, 51, 52)",
            "storedPoints": [
                {
                    "x": 0.5418181818181819,
                    "y": -11.785227272727273,
                    "z": 121.11
                },
                {
                    "x": 0.5336363636363637,
                    "y": -10.930454545454547,
                    "z": 121.16
                },
                {
                    "x": 0.5254545454545455,
                    "y": -10.075681818181819,
                    "z": 120.91
                },
                {
                    "x": 0.5172727272727273,
                    "y": -9.220909090909092,
                    "z": 120.64
                },
                {
                    "x": 0.5090909090909091,
                    "y": -8.366136363636365,
                    "z": 120.36
                },
                {
                    "x": 0.500909090909091,
                    "y": -7.511363636363637,
                    "z": 120.09
                },
                {
                    "x": 0.4927272727272728,
                    "y": -6.65659090909091,
                    "z": 119.76
                },
                {
                    "x": 0.4845454545454546,
                    "y": -5.801818181818183,
                    "z": 119.27
                },
                {
                    "x": 0.47636363636363643,
                    "y": -4.947045454545456,
                    "z": 118.77
                },
                {
                    "x": 0.46818181818181825,
                    "y": -4.092272727272729,
                    "z": 118.27
                },
                {
                    "x": 0.46,
                    "y": -3.2375000000000007,
                    "z": 117.77
                },
                {
                    "x": 0.45181818181818184,
                    "y": -2.382727272727273,
                    "z": 117.22
                },
                {
                    "x": 0.44363636363636366,
                    "y": -1.5279545454545467,
                    "z": 116.64
                },
                {
                    "x": 0.4354545454545455,
                    "y": -0.6731818181818188,
                    "z": 116.06
                },
                {
                    "x": 0.4272727272727273,
                    "y": 0.18159090909090736,
                    "z": 115.48
                },
                {
                    "x": 0.4190909090909091,
                    "y": 1.0363636363636353,
                    "z": 114.9
                },
                {
                    "x": 0.41090909090909095,
                    "y": 1.8911363636363632,
                    "z": 114.31
                },
                {
                    "x": 0.40272727272727277,
                    "y": 2.7459090909090893,
                    "z": 113.73
                },
                {
                    "x": 0.3945454545454546,
                    "y": 3.6006818181818154,
                    "z": 113.17
                },
                {
                    "x": 0.3863636363636364,
                    "y": 4.455454545454543,
                    "z": 112.67
                },
                {
                    "x": 0.3781818181818182,
                    "y": 5.310227272727271,
                    "z": 112.17
                },
                {
                    "x": 0.37,
                    "y": 6.164999999999999,
                    "z": 111.66
                },
                {
                    "x": 0.3618181818181818,
                    "y": 7.019772727272727,
                    "z": 111.16
                },
                {
                    "x": 0.35363636363636364,
                    "y": 7.874545454545455,
                    "z": 110.67
                },
                {
                    "x": 0.34545454545454546,
                    "y": 8.72931818181818,
                    "z": 110.18
                },
                {
                    "x": 0.3372727272727273,
                    "y": 9.584090909090907,
                    "z": 109.69
                },
                {
                    "x": 0.3290909090909091,
                    "y": 10.438863636363635,
                    "z": 109.21
                },
                {
                    "x": 0.3209090909090909,
                    "y": 11.293636363636363,
                    "z": 108.68
                },
                {
                    "x": 0.31272727272727274,
                    "y": 12.148409090909091,
                    "z": 108.14
                },
                {
                    "x": 0.30454545454545456,
                    "y": 13.003181818181815,
                    "z": 107.59
                },
                {
                    "x": 0.2963636363636364,
                    "y": 13.857954545454543,
                    "z": 107.03
                },
                {
                    "x": 0.2881818181818182,
                    "y": 14.712727272727271,
                    "z": 106.48
                },
                {
                    "x": 0.28,
                    "y": 15.567499999999999,
                    "z": 105.92
                },
                {
                    "x": 0.27181818181818185,
                    "y": 16.422272727272727,
                    "z": 105.35
                },
                {
                    "x": 0.26363636363636367,
                    "y": 17.27704545454545,
                    "z": 104.7
                },
                {
                    "x": 0.2554545454545455,
                    "y": 18.13181818181818,
                    "z": 104.05
                },
                {
                    "x": 0.2472727272727273,
                    "y": 18.986590909090907,
                    "z": 103.39
                },
                {
                    "x": 0.23909090909090913,
                    "y": 19.84136363636363,
                    "z": 102.74
                },
                {
                    "x": 0.23090909090909095,
                    "y": 20.696136363636363,
                    "z": 102.09
                },
                {
                    "x": 0.22272727272727277,
                    "y": 21.550909090909087,
                    "z": 101.45
                },
                {
                    "x": 0.21454545454545454,
                    "y": 22.40568181818182,
                    "z": 100.81
                },
                {
                    "x": 0.20636363636363636,
                    "y": 23.260454545454543,
                    "z": 100.18
                },
                {
                    "x": 0.19818181818181818,
                    "y": 24.115227272727267,
                    "z": 99.6
                }
            ],
            "list": "Y",
            "usedFeatures": [
                "Pronasale/Tip",
                "Nasion/Radix"
            ],
            "value": "44.00",
            "cameraX": "",
            "cameraY": "",
            "cameraZ": "",
            "formula": "",
            "rangeStart": "1",
            "rangeEnd": "200"
        },
        {
            "id": "Nasal_Tip_Projection_Surface",
            "name": "Nasal Tip Projection - Surface",
            "numberOfSegments": 18,
            "imageFile": "measurement_distance_nasal_tip_projection_I-lateral(l).png",
            "description": "The surface distance from pronasale/Tip (prn) to subnasale (sn)",
            "type": "Distances - Surface",
            "group": "Surface Distances",
            "typeOfView": "front",
            "references": "Please check the corresponding 'not surface' measurement",
            "referencesFly": "(64)",
            "storedPoints": [
                {
                    "x": 0.55,
                    "y": -24.218888888888888,
                    "z": 106.3
                },
                {
                    "x": 0.55,
                    "y": -23.537777777777777,
                    "z": 106.97
                },
                {
                    "x": 0.55,
                    "y": -22.856666666666666,
                    "z": 108.09
                },
                {
                    "x": 0.55,
                    "y": -22.175555555555555,
                    "z": 109.71
                },
                {
                    "x": 0.55,
                    "y": -21.494444444444444,
                    "z": 112.4
                },
                {
                    "x": 0.55,
                    "y": -20.813333333333333,
                    "z": 114.49
                },
                {
                    "x": 0.55,
                    "y": -20.13222222222222,
                    "z": 115.94
                },
                {
                    "x": 0.55,
                    "y": -19.45111111111111,
                    "z": 117.13
                },
                {
                    "x": 0.55,
                    "y": -18.77,
                    "z": 117.97
                },
                {
                    "x": 0.55,
                    "y": -18.08888888888889,
                    "z": 118.6
                },
                {
                    "x": 0.55,
                    "y": -17.407777777777778,
                    "z": 119.23
                },
                {
                    "x": 0.55,
                    "y": -16.726666666666667,
                    "z": 119.68
                },
                {
                    "x": 0.55,
                    "y": -16.045555555555556,
                    "z": 120.02
                },
                {
                    "x": 0.55,
                    "y": -15.364444444444445,
                    "z": 120.37
                },
                {
                    "x": 0.55,
                    "y": -14.683333333333334,
                    "z": 120.71
                },
                {
                    "x": 0.55,
                    "y": -14.002222222222223,
                    "z": 120.9
                },
                {
                    "x": 0.55,
                    "y": -13.321111111111112,
                    "z": 120.96
                }
            ],
            "list": "Y",
            "usedFeatures": [
                "Subnasale",
                "Pronasale/Tip"
            ],
            "value": "22.02",
            "cameraX": "",
            "cameraY": "",
            "cameraZ": "",
            "formula": "",
            "rangeStart": "1",
            "rangeEnd": "200"
        },
        {
            "id": "Interalar_Angle",
            "name": "Interalar Angle",
            "imageFile": "measurement_angle_interalar_angle-basal.png",
            "description": "The angle from alare/alar flare – right (al_r) to nasal tip/pronasale (prn) to alare/alar flare – left (al_l).",
            "type": "Angles",
            "group": "Angles",
            "list": "Y",
            "references": "(52, 79)",
            "usedFeatures": [
                "Pronasale/Tip",
                "Alare/Alar_Flare_left",
                "Alare/Alar_Flare_right"
            ],
            "linePointsOrder": [
                "Alare/Alar_Flare_right",
                "Pronasale/Tip",
                "Alare/Alar_Flare_left"
            ],
            "value": "102.91",
            "cameraX": "",
            "cameraY": "",
            "cameraZ": "",
            "formula": "V1=$$<\\left(Al_l.x-Prn.x\\right),\\left(Al_l.y-Prn.y\\right),\\left(Al_l.z-Prn.z\\right)>$$ V2=$$<\\left(Prn.x-Al_r.x\\right),\\left(Prn.y-Al_r.y\\right),\\left(Prn.z-Al_r.z\\right)>$$$$\\theta=\\cos^{-1}(\\frac{V1\\bullet V2}{|V1||V2|})$$"
        },
        {
            "id": "Nasal_Tip_Angle",
            "name": "Nasal Tip Angle",
            "imageFile": "measurement_angle_nasal_tip_angle-lateral(l).png",
            "description": "The angle between nasion/radix (n) to pronasale/tip (prn) to subnasale (sn).",
            "type": "Angles",
            "group": "Angles",
            "list": "Y",
            "references": "(12, 25, 52)",
            "usedFeatures": [
                "Pronasale/Tip",
                "Nasion/Radix",
                "Subnasale"
            ],
            "linePointsOrder": [
                "Subnasale",
                "Pronasale/Tip",
                "Nasion/Radix"
            ],
            "value": "76.67",
            "cameraX": "",
            "cameraY": "",
            "cameraZ": "",
            "formula": "V1=$$<\\left(N.x-Prn.x\\right),\\left(N.y-Prn.y\\right),\\left(N.z-Prn.z\\right)>$$ V2=$$<\\left(Prn.x-Sn.x\\right),\\left(Prn.y-Sn.y\\right),\\left(Prn.z-Sn.z\\right)>$$$$\\theta=\\cos^{-1}(\\frac{V1\\bullet V2}{|V1||V2|})$$"
        },
        {
            "id": "Nasofrontal_Angle",
            "name": "Nasofrontal Angle",
            "imageFile": "measurement_angle_nasofrontal_angle-lateral(l).png",
            "description": "The angle from glabella (g) to nasion/radix (n) to pronasale/tip (prn)",
            "type": "Angles",
            "group": "Angles",
            "list": "N",
            "references": "(20, 59, 78)",
            "usedFeatures": [
                "Glabella",
                "Nasion/Radix",
                "Pronasale/Tip"
            ],
            "value": "145.70",
            "cameraX": "",
            "cameraY": "",
            "cameraZ": "",
            "formula": "V1=$$<\\left(N.x-G.x\\right),\\left(N.y-G.y\\right),\\left(N.z-G.z\\right)>$$ V2=$$<\\left(N.x-Prn.x\\right),\\left(N.y-Prn.y\\right),\\left(N.z-Prn.z\\right)>$$$$\\theta=\\cos^{-1}(\\frac{V1\\bullet V2}{|V1||V2|})$$"
        },
        {
            "id": "Nasolabial_Angle_I",
            "name": "Nasolabial Angle I",
            "imageFile": "measurement_angle_nasolabial_angle-lateral(l).png",
            "description": "The angle from pronasale/tip (prn) to subnasale (sn) to labiale superius (ls)",
            "type": "Angles",
            "group": "Angles",
            "list": "N",
            "references": "(25, 53, 73)",
            "usedFeatures": [
                "Subnasale",
                "Pronasale/Tip",
                "Labiale_Superius"
            ],
            "linePointsOrder": [
                "Labiale_Superius",
                "Subnasale",
                "Pronasale/Tip"
            ],
            "value": "43.60",
            "cameraX": "",
            "cameraY": "",
            "cameraZ": "",
            "formula": "V1=$$<\\left(Prn.x-Sn.x\\right),\\left(Prn.y-Sn.y\\right),\\left(Prn.z-Sn.z\\right)>$$ V2=$$<\\left(Ls.x-Prn.x\\right),\\left(Ls.y-Prn.y\\right),\\left(Ls.z-Prn.z\\right)>$$$$\\theta=\\cos^{-1}(\\frac{V1\\bullet V2}{|V1||V2|})$$"
        },
        {
            "id": "Nasal_Tip_Projection:_Goode",
            "name": "Nasal Tip Projection: Goode",
            "imageFile": "measurement_ratio_nasal_tip_projection_goode-lateral(l).png",
            "description": "The distance from pronasale (prn) to alar base junction/alar crease - right (ac_r) divided by the distance from nasion (n) to nasal tip/pronasale (prn).",
            "type": "Ratios",
            "group": "Ratios",
            "list": "Y",
            "references": "(85, 86, 89)",
            "usedFeatures": [
                "Pronasale/Tip",
                "Nasion/Radix",
                "Alar_Crest/Alar_Curvature/Alar_Base_Junction/Alar-Facial_Groove/Alar-Cheek_Junction/Alar_Crease_left"
            ],
            "value": "0.65",
            "cameraX": "",
            "cameraY": "",
            "cameraZ": "",
            "formula": "$$\\frac{\\sqrt{\\left(Ac_l.x-Prn.x\\right)^2+\\left(Ac_l.y-Prn.y\\right)^2+\\left(Ac_l.z-Prn.z\\right)^2}}{\\sqrt{\\left(Prn.x-N.x\\right)^2+\\left(Prn.y-N.y\\right)^2+\\left(Prn.z-N.z\\right)^2}}$$"
        },
        {
            "id": "Nasal_Width-Length_Ratio",
            "name": "Nasal Width-Length Ratio",
            "imageFile": "measurement_ratio_nasal_width_length_ratio-frontal.png",
            "description": "The alar base width divided by the nasal bridge length.",
            "type": "Ratios",
            "group": "Ratios",
            "list": "Y",
            "references": "(56, 90)",
            "usedFeatures": [
                "Alare/Alar_Flare_left",
                "Alare/Alar_Flare_right",
                "Pronasale/Tip",
                "Nasion/Radix"
            ],
            "value": "0.77",
            "cameraX": "",
            "cameraY": "",
            "cameraZ": "",
            "formula": "$$\\frac{Interalar Distance}{Nasal Bridge Length}$$ $$\\frac{\\sqrt{\\left(Al_r.x-Al_l.x\\right)^2+\\left(Al_r.y-Al_l.y\\right)^2+\\left(Al_r.z-Al_l.z\\right)^2}}{\\sqrt{\\left(Prn.x-N.x\\right)^2+\\left(Prn.y-N.y\\right)^2+\\left(Prn.z-N.z\\right)^2}}$$"
        }
    ]
}