{
  "ModificationFiles": [
    {
      "threeDModel": "male-34",
      "OriginalOBJFile": "male-34.obj",
      "OriginalJSONFile": "male-34.json",
      "TargetOBJFile": "male-34-WideNose.obj",
      "TargetJSONFile": "male-34-Widenose.json",
      "Folder": ".",
      "FallOffType": "",
      "Modifications": [
        {
          "Feature-abbrv": "ac_l",
          "Delta-Magnitude-X": "-7",
          "Delta-Magnitude-Y": "0",
          "Delta-Magnitude-Z": "2.5",
          "InfluenceRadius": "15",
          "TransformationType": "Translation"
        },
        {
          "Feature-abbrv": "ac_r",
          "Delta-Magnitude-X": "7",
          "Delta-Magnitude-Y": "0",
          "Delta-Magnitude-Z": "2.5",
          "InfluenceRadius": "15",
          "TransformationType": "Translation"
        },
        {
          "Feature-abbrv": "al_l",
          "Delta-Magnitude-X": "-1.5",
          "Delta-Magnitude-Y": "0",
          "Delta-Magnitude-Z": "0",
          "InfluenceRadius": "15",
          "TransformationType": "Translation"
        },
        {
          "Feature-abbrv": "al_r",
          "Delta-Magnitude-X": "1.5",
          "Delta-Magnitude-Y": "0",
          "Delta-Magnitude-Z": "0",
          "InfluenceRadius": "15",
          "TransformationType": "Translation"
        },
        {
          "Feature-abbrv": "td_l",
          "Delta-Magnitude-X": "-1.5",
          "Delta-Magnitude-Y": "0",
          "Delta-Magnitude-Z": "0",
          "InfluenceRadius": "15",
          "TransformationType": "Translation"
        },
        {
          "Feature-abbrv": "td_r",
          "Delta-Magnitude-X": "1.5",
          "Delta-Magnitude-Y": "0",
          "Delta-Magnitude-Z": "0",
          "InfluenceRadius": "15",
          "TransformationType": "Translation"
        },
        {
          "Feature-abbrv": "ma_l",
          "Delta-Magnitude-X": "-2.2",
          "Delta-Magnitude-Y": "0",
          "Delta-Magnitude-Z": "0",
          "InfluenceRadius": "15",
          "TransformationType": "Translation"
        },
        {
          "Feature-abbrv": "ma_r",
          "Delta-Magnitude-X": "2.2",
          "Delta-Magnitude-Y": "0",
          "Delta-Magnitude-Z": "0",
          "InfluenceRadius": "15",
          "TransformationType": "Translation"
        },
        {
          "Feature-abbrv": "mf_l",
          "Delta-Magnitude-X": "-2",
          "Delta-Magnitude-Y": "0",
          "Delta-Magnitude-Z": "0",
          "InfluenceRadius": "15",
          "TransformationType": "Translation"
        },
        {
          "Feature-abbrv": "mf_r",
          "Delta-Magnitude-X": "2",
          "Delta-Magnitude-Y": "0",
          "Delta-Magnitude-Z": "0",
          "InfluenceRadius": "15",
          "TransformationType": "Translation"
        },
        {
          "Feature-abbrv": "np_l",
          "Delta-Magnitude-X": "-1.5",
          "Delta-Magnitude-Y": "0",
          "Delta-Magnitude-Z": "0",
          "InfluenceRadius": "25",
          "TransformationType": "Translation"
        },
        {
          "Feature-abbrv": "np_r",
          "Delta-Magnitude-X": "1.5",
          "Delta-Magnitude-Y": "0",
          "Delta-Magnitude-Z": "0",
          "InfluenceRadius": "25",
          "TransformationType": "Translation"
        }
      ]
    },
    {
      "threeDModel": "male-34",
      "OriginalOBJFile": "male-34.obj",
      "OriginalJSONFile": "male-34.json",
      "TargetOBJFile": "male-34-DroopingTip.obj",
      "TargetJSONFile": "male-34-DroopingTip.json",
      "Folder": ".",
      "FallOffType": "",
      "Modifications": [
        {
          "Feature-abbrv": "td_r",
          "Delta-Magnitude-X": "0",
          "Delta-Magnitude-Y": "-3",
          "Delta-Magnitude-Z": "-4.5",
          "InfluenceRadius": "20",
          "TransformationType": "Translation"
        },
        {
          "Feature-abbrv": "td_l",
          "Delta-Magnitude-X": "0",
          "Delta-Magnitude-Y": "-3",
          "Delta-Magnitude-Z": "-4.5",
          "InfluenceRadius": "20",
          "TransformationType": "Translation"
        },
        {
          "Feature-abbrv": "prn",
          "Delta-Magnitude-X": "0",
          "Delta-Magnitude-Y": "0",
          "Delta-Magnitude-Z": "-2",
          "InfluenceRadius": "20",
          "TransformationType": "Translation"
        },
        {
          "Feature-abbrv": "s",
          "Delta-Magnitude-X": "0",
          "Delta-Magnitude-Y": "1",
          "Delta-Magnitude-Z": "1",
          "InfluenceRadius": "20",
          "TransformationType": "Translation"
        },
        {
          "Feature-abbrv": "sn",
          "Delta-Magnitude-X": "0",
          "Delta-Magnitude-Y": "-2",
          "Delta-Magnitude-Z": "-2",
          "InfluenceRadius": "20",
          "TransformationType": "Translation"
        }
      ]
    },
    {
      "threeDModel": "male-34",
      "OriginalOBJFile": "male-34.obj",
      "OriginalJSONFile": "male-34.json",
      "TargetOBJFile": "male-34-Saddle.obj",
      "TargetJSONFile": "male-34-Saddle.json",
      "Folder": ".",
      "FallOffType": "",
      "Modifications": [
        {
          "Feature-abbrv": "prn",
          "Delta-Magnitude-X": "0",
          "Delta-Magnitude-Y": "-0.3",
          "Delta-Magnitude-Z": "4",
          "InfluenceRadius": "20",
          "TransformationType": "Translation"
        },
        {
          "Feature-abbrv": "s",
          "Delta-Magnitude-X": "0",
          "Delta-Magnitude-Y": "0.8",
          "Delta-Magnitude-Z": "-3",
          "InfluenceRadius": "20",
          "TransformationType": "Translation"
        },
        {
          "Feature-abbrv": "r",
          "Delta-Magnitude-X": "0",
          "Delta-Magnitude-Y": "0",
          "Delta-Magnitude-Z": "1",
          "InfluenceRadius": "20",
          "TransformationType": "Translation"
        }
      ]
    },
    {
      "threeDModel": "male-34",
      "OriginalOBJFile": "male-34.obj",
      "OriginalJSONFile": "male-34.json",
      "TargetOBJFile": "male-34-Hump.obj",
      "TargetJSONFile": "male-34-Hump.json",
      "Folder": ".",
      "FallOffType": "",
      "Modifications": [
        {
          "Feature-abbrv": "r",
          "Delta-Magnitude-X": "0",
          "Delta-Magnitude-Y": "-3",
          "Delta-Magnitude-Z": "2",
          "InfluenceRadius": "20",
          "TransformationType": "Translation"
        },
        {
          "Feature-abbrv": "prn",
          "Delta-Magnitude-X": "0",
          "Delta-Magnitude-Y": "1",
          "Delta-Magnitude-Z": "-1",
          "InfluenceRadius": "20",
          "TransformationType": "Translation"
        }
      ]
    },
    {
      "threeDModel": "male-34",
      "OriginalOBJFile": "male-34.obj",
      "OriginalJSONFile": "male-34.json",
      "TargetOBJFile": "male-34-Pinched.obj",
      "TargetJSONFile": "male-34-Pinched.json",
      "Folder": ".",
      "FallOffType": "",
        "Modifications": [{
                "Feature-abbrv": "al_l",
                "Delta-Magnitude-X": "-3.5",
                "Delta-Magnitude-Y": "-1",
                "Delta-Magnitude-Z": "1",
                "InfluenceRadius": "10",
                "TransformationType": "Translation"
            },
            {
                "Feature-abbrv": "al_r",
                "Delta-Magnitude-X": "3.5",
                "Delta-Magnitude-Y": "-1",
                "Delta-Magnitude-Z": "1",
                "InfluenceRadius": "10",
                "TransformationType": "Translation"
            },
            {
                "Feature-abbrv": "td_r",
                "Delta-Magnitude-X": "-4",
                "Delta-Magnitude-Y": "0",
                "Delta-Magnitude-Z": "1",
                "InfluenceRadius": "20",
                "TransformationType": "Translation"
            },
            {
                "Feature-abbrv": "td_l",
                "Delta-Magnitude-X": "4",
                "Delta-Magnitude-Y": "0",
                "Delta-Magnitude-Z": "1",
                "InfluenceRadius": "20",
                "TransformationType": "Translation"
            },
            {
                "Feature-abbrv": "prn",
                "Delta-Magnitude-X": "0",
                "Delta-Magnitude-Y": "2",
                "Delta-Magnitude-Z": "2",
                "InfluenceRadius": "20",
                "TransformationType": "Translation"
            }
        ]
    },
    {
      "threeDModel": "male-34",
      "OriginalOBJFile": "male-34.obj",
      "OriginalJSONFile": "male-34.json",
      "TargetOBJFile": "male-34-Large.obj",
      "TargetJSONFile": "male-34-Large.json",
      "Folder": ".",
      "FallOffType": "",
      "Modifications": [
        {
          "Feature-abbrv": "td_r",
          "Delta-Magnitude-X": "4",
          "Delta-Magnitude-Y": "0",
          "Delta-Magnitude-Z": "0",
          "InfluenceRadius": "20",
          "TransformationType": "Translation"
        },
        {
          "Feature-abbrv": "td_l",
          "Delta-Magnitude-X": "-4",
          "Delta-Magnitude-Y": "0",
          "Delta-Magnitude-Z": "0",
          "InfluenceRadius": "20",
          "TransformationType": "Translation"
        },
        {
          "Feature-abbrv": "ac_l",
          "Delta-Magnitude-X": "-5",
          "Delta-Magnitude-Y": "0",
          "Delta-Magnitude-Z": "0",
          "InfluenceRadius": "20",
          "TransformationType": "Translation"
        },
        {
          "Feature-abbrv": "ac_r",
          "Delta-Magnitude-X": "5",
          "Delta-Magnitude-Y": "0",
          "Delta-Magnitude-Z": "0",
          "InfluenceRadius": "20",
          "TransformationType": "Translation"
        },
        {
          "Feature-abbrv": "sn",
          "Delta-Magnitude-X": "0",
          "Delta-Magnitude-Y": "0",
          "Delta-Magnitude-Z": "-3",
          "InfluenceRadius": "20",
          "TransformationType": "Translation"
        },
        {
          "Feature-abbrv": "prn",
          "Delta-Magnitude-X": "0",
          "Delta-Magnitude-Y": "-5",
          "Delta-Magnitude-Z": "0",
          "InfluenceRadius": "20",
          "TransformationType": "Translation"
        },
        {
          "Feature-abbrv": "n",
          "Delta-Magnitude-X": "0",
          "Delta-Magnitude-Y": "-4",
          "Delta-Magnitude-Z": "0",
          "InfluenceRadius": "20",
          "TransformationType": "Translation"
        },
        {
          "Feature-abbrv": "r",
          "Delta-Magnitude-X": "0",
          "Delta-Magnitude-Y": "-5",
          "Delta-Magnitude-Z": "-3",
          "InfluenceRadius": "20",
          "TransformationType": "Translation"
        }
      ]
    },
    {
      "threeDModel": "male-34",
      "OriginalOBJFile": "male-34.obj",
      "OriginalJSONFile": "male-34.json",
      "TargetOBJFile": "male-34-Crooked.obj",
      "TargetJSONFile": "male-34-Crooked.json",
      "Folder": ".",
      "FallOffType": "",
      "Modifications": [
        {
          "Feature-abbrv": "prn",
          "Delta-Magnitude-X": "4",
          "Delta-Magnitude-Y": "0",
          "Delta-Magnitude-Z": "0",
          "InfluenceRadius": "20",
          "TransformationType": "Translation"
        },
        {
          "Feature-abbrv": "r",
          "Delta-Magnitude-X": "-5",
          "Delta-Magnitude-Y": "0.5",
          "Delta-Magnitude-Z": "0",
          "InfluenceRadius": "15",
          "TransformationType": "Translation"
        }
      ]
    },
    {
      "threeDModel": "male-34",
      "OriginalOBJFile": "male-34.obj",
      "OriginalJSONFile": "male-34.json",
      "TargetOBJFile": "male-34-Snub.obj",
      "TargetJSONFile": "male-34-Snub.json",
      "Folder": ".",
      "FallOffType": "",
      "Modifications": [
          {
            "Feature-abbrv": "s",
            "Delta-Magnitude-X": "0",
            "Delta-Magnitude-Y": "-4",
            "Delta-Magnitude-Z": "-6",
            "InfluenceRadius": "20",
            "TransformationType": "Translation"
          },
          {
            "Feature-abbrv": "r",
            "Delta-Magnitude-X": "0",
            "Delta-Magnitude-Y": "-1",
            "Delta-Magnitude-Z": "-2",
            "InfluenceRadius": "25",
            "TransformationType": "Translation"
          },
          {
            "Feature-abbrv": "prn",
            "Delta-Magnitude-X": "0",
            "Delta-Magnitude-Y": "2",
            "Delta-Magnitude-Z": "4",
            "InfluenceRadius": "20",
            "TransformationType": "Translation"
          },
          {
            "Feature-abbrv": "td_l",
            "Delta-Magnitude-X": "-1.4",
            "Delta-Magnitude-Y": "0",
            "Delta-Magnitude-Z": "0",
            "InfluenceRadius": "15",
            "TransformationType": "Translation"
          },
          {
            "Feature-abbrv": "td_r",
            "Delta-Magnitude-X": "1.4",
            "Delta-Magnitude-Y": "0",
            "Delta-Magnitude-Z": "0",
            "InfluenceRadius": "15",
            "TransformationType": "Translation"
          },
          {
            "Feature-abbrv": "al_l",
            "Delta-Magnitude-X": "-1.4",
            "Delta-Magnitude-Y": "0",
            "Delta-Magnitude-Z": "0",
            "InfluenceRadius": "15",
            "TransformationType": "Translation"
          },
          {
            "Feature-abbrv": "al_r",
            "Delta-Magnitude-X": "1.4",
            "Delta-Magnitude-Y": "0",
            "Delta-Magnitude-Z": "0",
            "InfluenceRadius": "15",
            "TransformationType": "Translation"
          }
      ]
    },
    {
      "threeDModel": "male-34",
      "OriginalOBJFile": "male-34.obj",
      "OriginalJSONFile": "male-34.json",
      "TargetOBJFile": "male-34-Hooked.obj",
      "TargetJSONFile": "male-34-Hooked.json",
      "Folder": ".",
      "FallOffType": "",
      "Modifications": [
        {
          "Feature-abbrv": "cb",
          "Delta-Magnitude-X": "-1.4",
          "Delta-Magnitude-Y": "-2.4",
          "Delta-Magnitude-Z": "-2.2",
          "InfluenceRadius": "10",
          "TransformationType": "Translation"
        },
        
        {
          "Feature-abbrv": "np_l",
          "Delta-Magnitude-X": "2",
          "Delta-Magnitude-Y": "2",
          "Delta-Magnitude-Z": "0.5",
          "InfluenceRadius": "10",
          "TransformationType": "Translation"
        },
        {
          "Feature-abbrv": "np_r",
          "Delta-Magnitude-X": "-2",
          "Delta-Magnitude-Y": "2",
          "Delta-Magnitude-Z": "0.5",
          "InfluenceRadius": "10",
          "TransformationType": "Translation"
        },
        {
          "Feature-abbrv": "prn",
          "Delta-Magnitude-X": "-2",
          "Delta-Magnitude-Y": "-1",
          "Delta-Magnitude-Z": "-4",
          "InfluenceRadius": "20",
          "TransformationType": "Translation"
        },
        {
          "Feature-abbrv": "r",
          "Delta-Magnitude-X": "0",
          "Delta-Magnitude-Y": "-1",
          "Delta-Magnitude-Z": "1",
          "InfluenceRadius": "20",
          "TransformationType": "Translation"
        },
        
        {
          "Feature-abbrv": "s",
          "Delta-Magnitude-X": "-1",
          "Delta-Magnitude-Y": "-1",
          "Delta-Magnitude-Z": "1",
          "InfluenceRadius": "20",
          "TransformationType": "Translation"
        },
        {
          "Feature-abbrv": "td_l",
          "Delta-Magnitude-X": "-1",
          "Delta-Magnitude-Y": "-2",
          "Delta-Magnitude-Z": "-2",
          "InfluenceRadius": "10",
          "TransformationType": "Translation"
        },
        {
          "Feature-abbrv": "td_r",
          "Delta-Magnitude-X": "1",
          "Delta-Magnitude-Y": "-2",
          "Delta-Magnitude-Z": "-2",
          "InfluenceRadius": "10",
          "TransformationType": "Translation"
        }
      ]
    }

  ]
}
