{
    "ModificationFiles": [
        {
            "threeDModel": "male-34",
            "OriginalOBJFile": "male-34.obj",
            "OriginalJSONFile": "male-34.json",
            "TargetOBJFile": "male-34-WideNose-15.obj",
            "TargetJSONFile": "male-34-Widenose-15.json",
            "Folder": ".",
            "FallOffType": "",
            "Modifications": [
                {
                    "Feature-abbrv": "ac_l",
                    "Delta-Magnitude-X": "-10.5",
                    "Delta-Magnitude-Y": "0.0",
                    "Delta-Magnitude-Z": "3.75",
                    "InfluenceRadius": "15",
                    "TransformationType": "Translation"
                },
                {
                    "Feature-abbrv": "ac_r",
                    "Delta-Magnitude-X": "10.5",
                    "Delta-Magnitude-Y": "0.0",
                    "Delta-Magnitude-Z": "3.75",
                    "InfluenceRadius": "15",
                    "TransformationType": "Translation"
                },
                {
                    "Feature-abbrv": "al_l",
                    "Delta-Magnitude-X": "-2.25",
                    "Delta-Magnitude-Y": "0.0",
                    "Delta-Magnitude-Z": "0.0",
                    "InfluenceRadius": "15",
                    "TransformationType": "Translation"
                },
                {
                    "Feature-abbrv": "al_r",
                    "Delta-Magnitude-X": "2.25",
                    "Delta-Magnitude-Y": "0.0",
                    "Delta-Magnitude-Z": "0.0",
                    "InfluenceRadius": "15",
                    "TransformationType": "Translation"
                },
                {
                    "Feature-abbrv": "td_l",
                    "Delta-Magnitude-X": "-2.25",
                    "Delta-Magnitude-Y": "0.0",
                    "Delta-Magnitude-Z": "0.0",
                    "InfluenceRadius": "15",
                    "TransformationType": "Translation"
                },
                {
                    "Feature-abbrv": "td_r",
                    "Delta-Magnitude-X": "2.25",
                    "Delta-Magnitude-Y": "0.0",
                    "Delta-Magnitude-Z": "0.0",
                    "InfluenceRadius": "15",
                    "TransformationType": "Translation"
                },
                {
                    "Feature-abbrv": "ma_l",
                    "Delta-Magnitude-X": "-3.3000000000000003",
                    "Delta-Magnitude-Y": "0.0",
                    "Delta-Magnitude-Z": "0.0",
                    "InfluenceRadius": "15",
                    "TransformationType": "Translation"
                },
                {
                    "Feature-abbrv": "ma_r",
                    "Delta-Magnitude-X": "3.3000000000000003",
                    "Delta-Magnitude-Y": "0.0",
                    "Delta-Magnitude-Z": "0.0",
                    "InfluenceRadius": "15",
                    "TransformationType": "Translation"
                },
                {
                    "Feature-abbrv": "mf_l",
                    "Delta-Magnitude-X": "-3.0",
                    "Delta-Magnitude-Y": "0.0",
                    "Delta-Magnitude-Z": "0.0",
                    "InfluenceRadius": "15",
                    "TransformationType": "Translation"
                },
                {
                    "Feature-abbrv": "mf_r",
                    "Delta-Magnitude-X": "3.0",
                    "Delta-Magnitude-Y": "0.0",
                    "Delta-Magnitude-Z": "0.0",
                    "InfluenceRadius": "15",
                    "TransformationType": "Translation"
                },
                {
                    "Feature-abbrv": "np_l",
                    "Delta-Magnitude-X": "-2.25",
                    "Delta-Magnitude-Y": "0.0",
                    "Delta-Magnitude-Z": "0.0",
                    "InfluenceRadius": "25",
                    "TransformationType": "Translation"
                },
                {
                    "Feature-abbrv": "np_r",
                    "Delta-Magnitude-X": "2.25",
                    "Delta-Magnitude-Y": "0.0",
                    "Delta-Magnitude-Z": "0.0",
                    "InfluenceRadius": "25",
                    "TransformationType": "Translation"
                }
            ]
        },
        {
            "threeDModel": "male-34",
            "OriginalOBJFile": "male-34.obj",
            "OriginalJSONFile": "male-34.json",
            "TargetOBJFile": "male-34-DroopingTip-15.obj",
            "TargetJSONFile": "male-34-DroopingTip-15.json",
            "Folder": ".",
            "FallOffType": "",
            "Modifications": [
                {
                    "Feature-abbrv": "td_r",
                    "Delta-Magnitude-X": "0.0",
                    "Delta-Magnitude-Y": "-4.5",
                    "Delta-Magnitude-Z": "-6.75",
                    "InfluenceRadius": "20",
                    "TransformationType": "Translation"
                },
                {
                    "Feature-abbrv": "td_l",
                    "Delta-Magnitude-X": "0.0",
                    "Delta-Magnitude-Y": "-4.5",
                    "Delta-Magnitude-Z": "-6.75",
                    "InfluenceRadius": "20",
                    "TransformationType": "Translation"
                },
                {
                    "Feature-abbrv": "prn",
                    "Delta-Magnitude-X": "0.0",
                    "Delta-Magnitude-Y": "0.0",
                    "Delta-Magnitude-Z": "-3.0",
                    "InfluenceRadius": "20",
                    "TransformationType": "Translation"
                },
                {
                    "Feature-abbrv": "s",
                    "Delta-Magnitude-X": "0.0",
                    "Delta-Magnitude-Y": "1.5",
                    "Delta-Magnitude-Z": "1.5",
                    "InfluenceRadius": "20",
                    "TransformationType": "Translation"
                },
                {
                    "Feature-abbrv": "sn",
                    "Delta-Magnitude-X": "0.0",
                    "Delta-Magnitude-Y": "-3.0",
                    "Delta-Magnitude-Z": "-3.0",
                    "InfluenceRadius": "20",
                    "TransformationType": "Translation"
                }
            ]
        },
        {
            "threeDModel": "male-34",
            "OriginalOBJFile": "male-34.obj",
            "OriginalJSONFile": "male-34.json",
            "TargetOBJFile": "male-34-Saddle-15.obj",
            "TargetJSONFile": "male-34-Saddle-15.json",
            "Folder": ".",
            "FallOffType": "",
            "Modifications": [
                {
                    "Feature-abbrv": "prn",
                    "Delta-Magnitude-X": "0.0",
                    "Delta-Magnitude-Y": "-0.44999999999999996",
                    "Delta-Magnitude-Z": "6.0",
                    "InfluenceRadius": "20",
                    "TransformationType": "Translation"
                },
                {
                    "Feature-abbrv": "s",
                    "Delta-Magnitude-X": "0.0",
                    "Delta-Magnitude-Y": "1.2000000000000002",
                    "Delta-Magnitude-Z": "-4.5",
                    "InfluenceRadius": "20",
                    "TransformationType": "Translation"
                },
                {
                    "Feature-abbrv": "r",
                    "Delta-Magnitude-X": "0.0",
                    "Delta-Magnitude-Y": "0.0",
                    "Delta-Magnitude-Z": "1.5",
                    "InfluenceRadius": "20",
                    "TransformationType": "Translation"
                }
            ]
        },
        {
            "threeDModel": "male-34",
            "OriginalOBJFile": "male-34.obj",
            "OriginalJSONFile": "male-34.json",
            "TargetOBJFile": "male-34-Hump-15.obj",
            "TargetJSONFile": "male-34-Hump-15.json",
            "Folder": ".",
            "FallOffType": "",
            "Modifications": [
                {
                    "Feature-abbrv": "r",
                    "Delta-Magnitude-X": "0.0",
                    "Delta-Magnitude-Y": "-4.5",
                    "Delta-Magnitude-Z": "3.0",
                    "InfluenceRadius": "20",
                    "TransformationType": "Translation"
                },
                {
                    "Feature-abbrv": "prn",
                    "Delta-Magnitude-X": "0.0",
                    "Delta-Magnitude-Y": "1.5",
                    "Delta-Magnitude-Z": "-1.5",
                    "InfluenceRadius": "20",
                    "TransformationType": "Translation"
                }
            ]
        },
        {
            "threeDModel": "male-34",
            "OriginalOBJFile": "male-34.obj",
            "OriginalJSONFile": "male-34.json",
            "TargetOBJFile": "male-34-Pinched-15.obj",
            "TargetJSONFile": "male-34-Pinched-15.json",
            "Folder": ".",
            "FallOffType": "",
            "Modifications": [
                {
                    "Feature-abbrv": "al_l",
                    "Delta-Magnitude-X": "-5.25",
                    "Delta-Magnitude-Y": "-1.5",
                    "Delta-Magnitude-Z": "1.5",
                    "InfluenceRadius": "10",
                    "TransformationType": "Translation"
                },
                {
                    "Feature-abbrv": "al_r",
                    "Delta-Magnitude-X": "5.25",
                    "Delta-Magnitude-Y": "-1.5",
                    "Delta-Magnitude-Z": "1.5",
                    "InfluenceRadius": "10",
                    "TransformationType": "Translation"
                },
                {
                    "Feature-abbrv": "td_r",
                    "Delta-Magnitude-X": "-6.0",
                    "Delta-Magnitude-Y": "0.0",
                    "Delta-Magnitude-Z": "1.5",
                    "InfluenceRadius": "20",
                    "TransformationType": "Translation"
                },
                {
                    "Feature-abbrv": "td_l",
                    "Delta-Magnitude-X": "6.0",
                    "Delta-Magnitude-Y": "0.0",
                    "Delta-Magnitude-Z": "1.5",
                    "InfluenceRadius": "20",
                    "TransformationType": "Translation"
                },
                {
                    "Feature-abbrv": "prn",
                    "Delta-Magnitude-X": "0.0",
                    "Delta-Magnitude-Y": "3.0",
                    "Delta-Magnitude-Z": "3.0",
                    "InfluenceRadius": "20",
                    "TransformationType": "Translation"
                }
            ]
        },
        {
            "threeDModel": "male-34",
            "OriginalOBJFile": "male-34.obj",
            "OriginalJSONFile": "male-34.json",
            "TargetOBJFile": "male-34-Large-15.obj",
            "TargetJSONFile": "male-34-Large-15.json",
            "Folder": ".",
            "FallOffType": "",
            "Modifications": [
                {
                    "Feature-abbrv": "td_r",
                    "Delta-Magnitude-X": "6.0",
                    "Delta-Magnitude-Y": "0.0",
                    "Delta-Magnitude-Z": "0.0",
                    "InfluenceRadius": "20",
                    "TransformationType": "Translation"
                },
                {
                    "Feature-abbrv": "td_l",
                    "Delta-Magnitude-X": "-6.0",
                    "Delta-Magnitude-Y": "0.0",
                    "Delta-Magnitude-Z": "0.0",
                    "InfluenceRadius": "20",
                    "TransformationType": "Translation"
                },
                {
                    "Feature-abbrv": "ac_l",
                    "Delta-Magnitude-X": "-7.5",
                    "Delta-Magnitude-Y": "0.0",
                    "Delta-Magnitude-Z": "0.0",
                    "InfluenceRadius": "20",
                    "TransformationType": "Translation"
                },
                {
                    "Feature-abbrv": "ac_r",
                    "Delta-Magnitude-X": "7.5",
                    "Delta-Magnitude-Y": "0.0",
                    "Delta-Magnitude-Z": "0.0",
                    "InfluenceRadius": "20",
                    "TransformationType": "Translation"
                },
                {
                    "Feature-abbrv": "sn",
                    "Delta-Magnitude-X": "0.0",
                    "Delta-Magnitude-Y": "0.0",
                    "Delta-Magnitude-Z": "-4.5",
                    "InfluenceRadius": "20",
                    "TransformationType": "Translation"
                },
                {
                    "Feature-abbrv": "prn",
                    "Delta-Magnitude-X": "0.0",
                    "Delta-Magnitude-Y": "-7.5",
                    "Delta-Magnitude-Z": "0.0",
                    "InfluenceRadius": "20",
                    "TransformationType": "Translation"
                },
                {
                    "Feature-abbrv": "n",
                    "Delta-Magnitude-X": "0.0",
                    "Delta-Magnitude-Y": "-6.0",
                    "Delta-Magnitude-Z": "0.0",
                    "InfluenceRadius": "20",
                    "TransformationType": "Translation"
                },
                {
                    "Feature-abbrv": "r",
                    "Delta-Magnitude-X": "0.0",
                    "Delta-Magnitude-Y": "-7.5",
                    "Delta-Magnitude-Z": "-4.5",
                    "InfluenceRadius": "20",
                    "TransformationType": "Translation"
                }
            ]
        },
        {
            "threeDModel": "male-34",
            "OriginalOBJFile": "male-34.obj",
            "OriginalJSONFile": "male-34.json",
            "TargetOBJFile": "male-34-Crooked-15.obj",
            "TargetJSONFile": "male-34-Crooked-15.json",
            "Folder": ".",
            "FallOffType": "",
            "Modifications": [
                {
                    "Feature-abbrv": "prn",
                    "Delta-Magnitude-X": "6.0",
                    "Delta-Magnitude-Y": "0.0",
                    "Delta-Magnitude-Z": "0.0",
                    "InfluenceRadius": "20",
                    "TransformationType": "Translation"
                },
                {
                    "Feature-abbrv": "r",
                    "Delta-Magnitude-X": "-7.5",
                    "Delta-Magnitude-Y": "0.75",
                    "Delta-Magnitude-Z": "0.0",
                    "InfluenceRadius": "15",
                    "TransformationType": "Translation"
                }
            ]
        },
        {
            "threeDModel": "male-34",
            "OriginalOBJFile": "male-34.obj",
            "OriginalJSONFile": "male-34.json",
            "TargetOBJFile": "male-34-Snub-15.obj",
            "TargetJSONFile": "male-34-Snub-15.json",
            "Folder": ".",
            "FallOffType": "",
            "Modifications": [
                {
                    "Feature-abbrv": "s",
                    "Delta-Magnitude-X": "0.0",
                    "Delta-Magnitude-Y": "-6.0",
                    "Delta-Magnitude-Z": "-9.0",
                    "InfluenceRadius": "20",
                    "TransformationType": "Translation"
                },
                {
                    "Feature-abbrv": "r",
                    "Delta-Magnitude-X": "0.0",
                    "Delta-Magnitude-Y": "-1.5",
                    "Delta-Magnitude-Z": "-3.0",
                    "InfluenceRadius": "25",
                    "TransformationType": "Translation"
                },
                {
                    "Feature-abbrv": "prn",
                    "Delta-Magnitude-X": "0.0",
                    "Delta-Magnitude-Y": "3.0",
                    "Delta-Magnitude-Z": "6.0",
                    "InfluenceRadius": "20",
                    "TransformationType": "Translation"
                },
                {
                    "Feature-abbrv": "td_l",
                    "Delta-Magnitude-X": "-2.0999999999999996",
                    "Delta-Magnitude-Y": "0.0",
                    "Delta-Magnitude-Z": "0.0",
                    "InfluenceRadius": "15",
                    "TransformationType": "Translation"
                },
                {
                    "Feature-abbrv": "td_r",
                    "Delta-Magnitude-X": "2.0999999999999996",
                    "Delta-Magnitude-Y": "0.0",
                    "Delta-Magnitude-Z": "0.0",
                    "InfluenceRadius": "15",
                    "TransformationType": "Translation"
                },
                {
                    "Feature-abbrv": "al_l",
                    "Delta-Magnitude-X": "-2.0999999999999996",
                    "Delta-Magnitude-Y": "0.0",
                    "Delta-Magnitude-Z": "0.0",
                    "InfluenceRadius": "15",
                    "TransformationType": "Translation"
                },
                {
                    "Feature-abbrv": "al_r",
                    "Delta-Magnitude-X": "2.0999999999999996",
                    "Delta-Magnitude-Y": "0.0",
                    "Delta-Magnitude-Z": "0.0",
                    "InfluenceRadius": "15",
                    "TransformationType": "Translation"
                }
            ]
        },
        {
            "threeDModel": "male-34",
            "OriginalOBJFile": "male-34.obj",
            "OriginalJSONFile": "male-34.json",
            "TargetOBJFile": "male-34-Hooked-15.obj",
            "TargetJSONFile": "male-34-Hooked-15.json",
            "Folder": ".",
            "FallOffType": "",
            "Modifications": [
                {
                    "Feature-abbrv": "cb",
                    "Delta-Magnitude-X": "-2.0999999999999996",
                    "Delta-Magnitude-Y": "-3.5999999999999996",
                    "Delta-Magnitude-Z": "-3.3000000000000003",
                    "InfluenceRadius": "10",
                    "TransformationType": "Translation"
                },
                {
                    "Feature-abbrv": "np_l",
                    "Delta-Magnitude-X": "3.0",
                    "Delta-Magnitude-Y": "3.0",
                    "Delta-Magnitude-Z": "0.75",
                    "InfluenceRadius": "10",
                    "TransformationType": "Translation"
                },
                {
                    "Feature-abbrv": "np_r",
                    "Delta-Magnitude-X": "-3.0",
                    "Delta-Magnitude-Y": "3.0",
                    "Delta-Magnitude-Z": "0.75",
                    "InfluenceRadius": "10",
                    "TransformationType": "Translation"
                },
                {
                    "Feature-abbrv": "prn",
                    "Delta-Magnitude-X": "-3.0",
                    "Delta-Magnitude-Y": "-1.5",
                    "Delta-Magnitude-Z": "-6.0",
                    "InfluenceRadius": "20",
                    "TransformationType": "Translation"
                },
                {
                    "Feature-abbrv": "r",
                    "Delta-Magnitude-X": "0.0",
                    "Delta-Magnitude-Y": "-1.5",
                    "Delta-Magnitude-Z": "1.5",
                    "InfluenceRadius": "20",
                    "TransformationType": "Translation"
                },
                {
                    "Feature-abbrv": "s",
                    "Delta-Magnitude-X": "-1.5",
                    "Delta-Magnitude-Y": "-1.5",
                    "Delta-Magnitude-Z": "1.5",
                    "InfluenceRadius": "20",
                    "TransformationType": "Translation"
                },
                {
                    "Feature-abbrv": "td_l",
                    "Delta-Magnitude-X": "-1.5",
                    "Delta-Magnitude-Y": "-3.0",
                    "Delta-Magnitude-Z": "-3.0",
                    "InfluenceRadius": "10",
                    "TransformationType": "Translation"
                },
                {
                    "Feature-abbrv": "td_r",
                    "Delta-Magnitude-X": "1.5",
                    "Delta-Magnitude-Y": "-3.0",
                    "Delta-Magnitude-Z": "-3.0",
                    "InfluenceRadius": "10",
                    "TransformationType": "Translation"
                }
            ]
        }
    ]
}