{
    "threeDModel": "male-23",
    "gender": "",
    "age": "",
    "features": [
        {
            "id": "Alar_Crest/Alar_Curvature/Alar_Base_Junction/Alar-Facial_Groove/Alar-Cheek_Junction/Alar_Crease_left",
            "name": "Alar Base Junction/Alar Crease - left",
            "abbrv": "ac_l",
            "list": "Y",
            "imageFile": "feature_point_alar_crest_left-basal.png",
            "description": "The junction between the left alar crease and the cheek.",
            "references": "(10)",
            "usedInMeasurements": [
                "Ala/Alar_Length_(left)",
                "Ala/Alar_Length_(left)_Surface",
                "Alar_Base_Width",
                "Alar_Base_Width_Surface",
                "Premaxilla_-_left",
                "Premaxilla_-_left_Surface",
                "Lobule_-_Base_Ratio",
                "Nasal_Tip_Projection:_Byrd_and_Hobar",
                "Nasal_Tip_Projection:_Goode"
            ],
            "xVal": 15.88,
            "yVal": -23.61,
            "zVal": 93.55,
            "cameraX": "",
            "cameraY": "",
            "cameraZ": "",
            "type": "Points"
        },
        {
            "id": "Alar_Crest/Alar_Curvature/Alar_Base_Junction/Alar-Facial_Groove/Alar-Cheek_Junction/Alar_Crease_right",
            "name": "Alar Base Junction/Alar Crease - right",
            "abbrv": "ac_r",
            "list": "Y",
            "imageFile": "feature_point_alar_crest_right-basal.png",
            "description": "The junction between the right alar crease and the cheek.",
            "references": "(10)",
            "usedInMeasurements": [
                "Ala/Alar_Length_(right)",
                "Alar_Base_Width",
                "Alar_Base_Width_Surface",
                "Premaxilla_-_right",
                "Premaxilla_-_right_Surface",
                "Lobule_-_Base_Ratio"
            ],
            "xVal": -19.55,
            "yVal": -28.15,
            "zVal": 91.96,
            "cameraX": "",
            "cameraY": "",
            "cameraZ": "",
            "type": "Points"
        },
        {
            "id": "Alar_Ridge's_Highest_Point_left",
            "name": "Alar Rim’s Highest Point - left",
            "abbrv": "armax_l",
            "list": "F",
            "imageFile": "feature_point_alar_rim_highest_point_left-lateral.png",
            "description": "The highest point of the left alar rim.",
            "references": "(10, 11)",
            "usedInMeasurements": [
                "Columella-Alar_Distance_-_left",
                "Columella-Alar_Distance_-_left_Surface"
            ],
            "xVal": 12.67,
            "yVal": -10.75,
            "zVal": 99.88,
            "cameraX": "",
            "cameraY": "",
            "cameraZ": "",
            "type": "Points"
        },
        {
            "id": "Alar_Ridge's_Highest_Point_right",
            "name": "Alar Rim’s Highest Point - right",
            "abbrv": "armax_r",
            "list": "F",
            "imageFile": "feature_point_alar_rim_highest_point_right-lateral.png",
            "description": "The highest point of the right alar rim.",
            "references": "(10, 11)",
            "usedInMeasurements": [
                "Columella-Alar_Distance_-_right",
                "Columella-Alar_Distance_-_right_Surface"
            ],
            "xVal": -10.97,
            "yVal": -8.64,
            "zVal": 102.55,
            "cameraX": "",
            "cameraY": "",
            "cameraZ": "",
            "type": "Points"
        },
        {
            "id": "Alare/Alar_Flare_left",
            "name": "Alare/Alar Flare - left",
            "abbrv": "al_l",
            "list": "Y",
            "imageFile": "feature_point_alare_alar_flare_left-frontal.png",
            "description": "The most lateral point on the left ala of the nose.",
            "references": "(10)",
            "usedInMeasurements": [
                "Interalar_Distance",
                "Interalar_Distance_Surface",
                "Interalar_Angle",
                "Nasal_Width–Intercanthal_Distance_Ratio",
                "Nasal_Width-Length_Ratio"
            ],
            "xVal": 16.12,
            "yVal": -19.97,
            "zVal": 95.34,
            "cameraX": "",
            "cameraY": "",
            "cameraZ": "",
            "type": "Points"
        },
        {
            "id": "Alare/Alar_Flare_right",
            "name": "Alare/Alar Flare - right",
            "abbrv": "al_r",
            "list": "Y",
            "imageFile": "feature_point_alare_alar_flare_right-frontal.png",
            "description": "The most lateral point on the right ala of the nose.",
            "references": "(10)",
            "usedInMeasurements": [
                "Interalar_Distance",
                "Interalar_Distance_Surface",
                "Interalar_Angle",
                "Nasal_Width–Intercanthal_Distance_Ratio",
                "Nasal_Width-Length_Ratio"
            ],
            "xVal": -19.42,
            "yVal": -22.46,
            "zVal": 94.41,
            "cameraX": "",
            "cameraY": "",
            "cameraZ": "",
            "type": "Points"
        },
        {
            "id": "Columellar_Break_Point",
            "name": "Columellar Break Point",
            "abbrv": "cb",
            "list": "Y",
            "imageFile": "feature_point_columellar_break_point-lateral(l).png",
            "description": "The point in the columellar region of the nose where the tip of the nose stops curving and the columellar linear structure begins, in the midline.",
            "references": "(15, 16)",
            "usedInMeasurements": [
                "Columella_Length",
                "Columella_Length_Surface",
                "Infratip_Lobule/Infralobule",
                "Infratip_Lobule/Infralobule_Surface",
                "Columellar_Labial_Angle",
                "Columellar_Lobular_Angle"
            ],
            "xVal": -1.54,
            "yVal": -24.33,
            "zVal": 111.64,
            "cameraX": "",
            "cameraY": "",
            "cameraZ": "",
            "type": "Points"
        },
        {
            "id": "Endocanthion/Medial_Canthus_left",
            "name": "Endocanthion/Medial Canthus - left",
            "abbrv": "en_l",
            "list": "Y",
            "imageFile": "feature_point_endocanthion_left-frontal.png",
            "description": "The inner corner of the left eye where the upper and lower eyelids meet.",
            "references": "(18, 19)",
            "usedInMeasurements": [
                "(Inner)_Intercanthal_Distance/Width",
                "(Inner)_Intercanthal_Distance/Width_Surface",
                "Left_Eye_Width",
                "Left_Eye_Width_Surface",
                "Nasal_Width–Intercanthal_Distance_Ratio"
            ],
            "xVal": 11.64,
            "yVal": 15.66,
            "zVal": 80.09,
            "cameraX": "",
            "cameraY": "",
            "cameraZ": "",
            "type": "Points"
        },
        {
            "id": "Endocanthion/Medial_Canthus_right",
            "name": "Endocanthion/Medial Canthus - right",
            "abbrv": "en_r",
            "list": "Y",
            "imageFile": "feature_point_endocanthion_right-frontal.png",
            "description": "The inner corner of the right eye where the upper and lower eyelids meet.",
            "references": "(18, 19)",
            "usedInMeasurements": [
                "(Inner)_Intercanthal_Distance/Width",
                "(Inner)_Intercanthal_Distance/Width_Surface",
                "Right_Eye_Width",
                "Right_Eye_Width_Surface",
                "Nasal_Width–Intercanthal_Distance_Ratio"
            ],
            "xVal": -18.68,
            "yVal": 13.43,
            "zVal": 78.71,
            "cameraX": "",
            "cameraY": "",
            "cameraZ": "",
            "type": "Points"
        },
        {
            "id": "Glabella",
            "name": "Glabella",
            "abbrv": "g",
            "list": "F",
            "imageFile": "feature_point_glabella-lateral(l).png",
            "description": "The most prominent point of the forehead in the midline between the eyebrows.",
            "references": "(20)",
            "usedInMeasurements": [
                "Mid-Facial_Height",
                "Mid-Facial_Height_Surface",
                "Upper_Facial_Height",
                "Nasofrontal_Angle",
                "Nasolabial_Angle_IV",
                "Total_Facial_Convexity_Angle"
            ],
            "xVal": -17.35,
            "yVal": 79.26,
            "zVal": 180.4,
            "cameraX": "",
            "cameraY": "",
            "cameraZ": "",
            "type": "Points"
        },
        {
            "id": "Labiale_Superius",
            "name": "Labiale Superius",
            "abbrv": "ls",
            "list": "F",
            "imageFile": "feature_point_labiale_superius-basal.png",
            "description": "The midline point representing the mucocutaneous vermilion border of the upper lip",
            "references": "(23)",
            "usedInMeasurements": [
                "Columellar_Labial_Angle",
                "Degree_of_Deviation_(I-type)",
                "Nasolabial_Angle_I",
                "Nasal_Tip_Projection:_Byrd_and_Hobar",
                "Nasal_Tip_Projection:_Crumley_and_Lanser_I",
                "Nasal_Tip_Projection:_Simons"
            ],
            "xVal": -5.5,
            "yVal": -73.11,
            "zVal": 200.7,
            "cameraX": "",
            "cameraY": "",
            "cameraZ": "",
            "type": "Points"
        },
        {
            "id": "Maxilloanteriorale_left",
            "name": "Maxilloanteriorale - left",
            "abbrv": "ma_l",
            "list": "Y",
            "imageFile": "feature_point_maxilloanteriorale_left-frontal.png",
            "description": "The point where the left maxilloanterioral and nasoanterioral sutures meet",
            "references": "(9, 25, 26)",
            "usedInMeasurements": [
                "Nasal_Root_Width",
                "Nasal_Root_Width_Surface"
            ],
            "xVal": 8.8,
            "yVal": 5.36,
            "zVal": 92.54,
            "cameraX": "",
            "cameraY": "",
            "cameraZ": "",
            "type": "Points"
        },
        {
            "id": "Maxilloanteriorale_right",
            "name": "Maxilloanteriorale - right",
            "abbrv": "ma_r",
            "list": "Y",
            "imageFile": "feature_point_maxilloanteriorale_right-frontal.png",
            "description": "The point where the right maxilloanterioral and nasoanterioral sutures meet",
            "references": "(9, 25, 26)",
            "usedInMeasurements": [
                "Nasal_Root_Width",
                "Nasal_Root_Width_Surface"
            ],
            "xVal": -14.89,
            "yVal": 4.89,
            "zVal": 92.89,
            "cameraX": "",
            "cameraY": "",
            "cameraZ": "",
            "type": "Points"
        },
        {
            "id": "Maxillofrontale_left",
            "name": "Maxillofrontale - left",
            "abbrv": "mf_l",
            "list": "Y",
            "imageFile": "feature_point_maxillofrontale_left-frontal.png",
            "description": "The soft tissue point located at the left lateral margin of the base of the nasal root at the level of the endocanthion.",
            "references": "(33)",
            "usedInMeasurements": [
                "Nasal_Root_Width",
                "Dorsal_aesthetic_line_width_at_intercanthal_distance_to_interphiltral_width_ratio"
            ],
            "xVal": 6.8,
            "yVal": 14.17,
            "zVal": 87.19,
            "cameraX": "",
            "cameraY": "",
            "cameraZ": "",
            "type": "Points"
        },
        {
            "id": "Maxillofrontale_right",
            "name": "Maxillofrontale - right",
            "abbrv": "mf_r",
            "list": "Y",
            "imageFile": "feature_point_maxillofrontale_right-frontal.png",
            "description": "The soft tissue point located at the right lateral margin of the base of the nasal root at the level of the endocanthion.",
            "references": "(33)",
            "usedInMeasurements": [
                "Nasal_Root_Width",
                "Dorsal_aesthetic_line_width_at_intercanthal_distance_to_interphiltral_width_ratio"
            ],
            "xVal": -14.28,
            "yVal": 15.41,
            "zVal": 84.34,
            "cameraX": "",
            "cameraY": "",
            "cameraZ": "",
            "type": "Points"
        },
        {
            "id": "Menton/Gnathion",
            "name": "Menton/Gnathion",
            "abbrv": "me",
            "list": "Y",
            "imageFile": "feature_point_menton-lateral(l).png",
            "description": "Lowest point on the soft tissue proﬁle of the chin in mid-sagittal plane.",
            "references": "(18, 27)",
            "usedInMeasurements": [
                "Face_Length/Height",
                "Face_Length/Height_Surface",
                "Height_of_the_Mandible/Chin_Height",
                "Height_of_the_Mandible/Chin_Height_Surface",
                "Lower_Facial_Height",
                "Lower_Facial_Height_Surface",
                "Mentocervical_Angle",
                "Nasal_Tip_Projection:_Crumley_and_Lanser_II"
            ],
            "xVal": 2.35,
            "yVal": -101.16,
            "zVal": 82.06,
            "cameraX": "",
            "cameraY": "",
            "cameraZ": "",
            "type": "Points"
        },
        {
            "id": "Nasal_Parenthesis_left",
            "name": "Nasal Parenthesis - left",
            "abbrv": "np_l",
            "list": "Y",
            "imageFile": "feature_point_nasal_parenthesis_left-frontal.png",
            "description": "The summit of the left nasal parentheses/canthal-alar line.",
            "references": "(30)",
            "usedInMeasurements": [
                "Base_Bony_Width_Surface",
                "Base_Bony_Width"
            ],
            "xVal": 13.8,
            "yVal": -3.5,
            "zVal": 92.77,
            "cameraX": "",
            "cameraY": "",
            "cameraZ": "",
            "type": "Points"
        },
        {
            "id": "Nasal_Parenthesis_right",
            "name": "Nasal Parenthesis - right",
            "abbrv": "np_r",
            "list": "Y",
            "imageFile": "feature_point_nasal_parenthesis_right-frontal.png",
            "description": "The summit of the right nasal parentheses/canthal-alar line.",
            "references": "(30)",
            "usedInMeasurements": [
                "Base_Bony_Width_Surface",
                "Base_Bony_Width"
            ],
            "xVal": -21.29,
            "yVal": -5.9,
            "zVal": 90.95,
            "cameraX": "",
            "cameraY": "",
            "cameraZ": "",
            "type": "Points"
        },
        {
            "id": "Nasion/Radix",
            "name": "Nasion/Radix",
            "abbrv": "n",
            "list": "Y",
            "imageFile": "feature_point_nasion-lateral(l).png",
            "description": "The midpoint of the nasofrontal suture line where the frontal bone and nasal bones join.",
            "references": "(22)",
            "usedInMeasurements": [
                "Nasal_Bridge_Length",
                "Nasal_Bridge_Length_Surface",
                "Nose_Height",
                "Nose_Height_Surface",
                "Radix_Depth",
                "Radix_Depth_Surface",
                "Degree_of_Deviation_(C-type)",
                "Degree_of_Deviation_(I-type)",
                "Nasal_Tip_Angle",
                "Nasofacial_Angle",
                "Nasofrontal_Angle",
                "Nasomental_Angle",
                "Nasal_Tip_Projection:_Baum",
                "Nasal_Tip_Projection:_Byrd_and_Hobar",
                "Nasal_Tip_Projection:_Crumley_and_Lanser_I",
                "Nasal_Tip_Projection:_Crumley_and_Lanser_II",
                "Nasal_Tip_Projection:_Goode",
                "Nasal_Tip_Projection:_Powell_and_Humphries",
                "Nasal_Width-Length_Ratio"
            ],
            "xVal": -6.11,
            "yVal": 20.42,
            "zVal": 96.14,
            "cameraX": "",
            "cameraY": "",
            "cameraZ": "",
            "type": "Points"
        },
        {
            "id": "Pogonion",
            "name": "Pogonion",
            "abbrv": "pg",
            "list": "Y",
            "imageFile": "feature_point_pogonion-lateral(l).png",
            "description": "Most anterior point on the soft tissue profile of the chin in mid-sagittal plane.",
            "references": "(31)",
            "usedInMeasurements": [
                "Mentocervical_Angle",
                "Nasofacial_Angle",
                "Nasolabial_Angle_IV",
                "Nasomental_Angle",
                "Total_Facial_Convexity_Angle"
            ],
            "xVal": 1.1,
            "yVal": -91.96,
            "zVal": 95.81,
            "cameraX": "",
            "cameraY": "",
            "cameraZ": "",
            "type": "Points"
        },
        {
            "id": "Posterior/Inferior_Point_of_Nostril_left",
            "name": "Posterior Point of Nostril - left",
            "abbrv": "itn_l",
            "list": "F",
            "imageFile": "feature_point_posterior_point_of_the_nostril_left-basal.png",
            "description": "The point where the left ala meets the nostril floor at a point corresponding to sbal.",
            "references": "(12)",
            "usedInMeasurements": [
                "Interaxial_Angle_(Nostril_Inclination)",
                "Nasolabial_Angle_IV"
            ],
            "xVal": 16.19,
            "yVal": -34.9,
            "zVal": 193.88,
            "cameraX": "",
            "cameraY": "",
            "cameraZ": "",
            "type": "Points"
        },
        {
            "id": "Posterior/Inferior_Point_of_Nostril_right",
            "name": "Posterior Point of Nostril - right",
            "abbrv": "itn_r",
            "list": "F",
            "imageFile": "feature_point_posterior_point_of_the_nostril_right-basal.png",
            "description": "The point where the right ala meets the nostril floor at a point corresponding to sbal.",
            "references": "(12)",
            "usedInMeasurements": [
                "Interaxial_Angle_(Nostril_Inclination)",
                "Nasolabial_Angle_IV"
            ],
            "xVal": -26.12,
            "yVal": -37.44,
            "zVal": 188.92,
            "cameraX": "",
            "cameraY": "",
            "cameraZ": "",
            "type": "Points"
        },
        {
            "id": "Pronasale/Tip",
            "name": "Pronasale/Tip",
            "abbrv": "prn",
            "list": "Y",
            "imageFile": "feature_point_pronasale_tip-lateral(l).png",
            "description": "The most protrusive point on the nasal tip in the midline.",
            "references": "(18)",
            "usedInMeasurements": [
                "Ala/Alar_Length_(left)",
                "Ala/Alar_Length_(right)",
                "Ala/Alar_Length_(right)_Surface",
                "Infratip_Lobule/Infralobule",
                "Infratip_Lobule/Infralobule_Surface",
                "Nasal_Bridge_Length",
                "Nasal_Bridge_Length_Surface",
                "Nasal_Tip_Projection",
                "Nasal_Tip_Projection_Surface",
                "Supratip_Lobule",
                "Supratip_Lobule_Surface",
                "Columellar_Lobular_Angle",
                "Degree_of_Deviation_(C-type)",
                "Degree_of_Deviation_(I-type)",
                "Interalar_Angle",
                "Mentocervical_Angle",
                "Nasal_Tip_Angle",
                "Nasofacial_Angle",
                "Nasofrontal_Angle",
                "Nasolabial_Angle_I",
                "Nasomental_Angle",
                "Total_Facial_Convexity_Angle",
                "Nasal_Tip_Projection:_Baum",
                "Nasal_Tip_Projection:_Byrd_and_Hobar",
                "Nasal_Tip_Projection:_Crumley_and_Lanser_I",
                "Nasal_Tip_Projection:_Crumley_and_Lanser_II",
                "Nasal_Tip_Projection:_Goode",
                "Nasal_Tip_Projection:_Powell_and_Humphries",
                "Nasal_Tip_Projection:_Simons",
                "Nasal_Width-Length_Ratio"
            ],
            "xVal": -3.64,
            "yVal": -15.56,
            "zVal": 118.68,
            "cameraX": "",
            "cameraY": "",
            "cameraZ": "",
            "type": "Points"
        },
        {
            "id": "Rhinion",
            "name": "Rhinion",
            "abbrv": "r",
            "list": "Y",
            "imageFile": "feature_point_rhinion-frontal.png",
            "description": "Osseocartilaginous junction. A craniometric point corresponding to the lower end of the suture between the two nasal bones.",
            "references": "(32)",
            "usedInMeasurements": [
                "Kyphion_Angle"
            ],
            "xVal": -4.75,
            "yVal": 7.21,
            "zVal": 106.44,
            "cameraX": "",
            "cameraY": "",
            "cameraZ": "",
            "type": "Points"
        },
        {
            "id": "Subnasale_left",
            "name": "Subnasale - left",
            "abbrv": "sn_l",
            "list": "Y",
            "imageFile": "feature_point_subnasale_left-basal.png",
            "description": "Indicates the midpoint of the left columella crest where the thickness of the columella (sn'-sn') is measured.",
            "references": "(12)",
            "usedInMeasurements": [
                "Columella_Width_I_Surface",
                "Columella_Width_I",
                "Angle_of_Subnasale_left"
            ],
            "xVal": 3.07,
            "yVal": -27.18,
            "zVal": 100.07,
            "cameraX": "",
            "cameraY": "",
            "cameraZ": "",
            "type": "Points"
        },
        {
            "id": "Subnasale_right",
            "name": "Subnasale - right",
            "abbrv": "sn_r",
            "list": "Y",
            "imageFile": "feature_point_subnasale_right-basal.png",
            "description": "Indicates the midpoint of the right columella crest where the thickness of the columella (sn'-sn') is measured.",
            "references": "(12)",
            "usedInMeasurements": [
                "Columella_Width_I_Surface",
                "Columella_Width_I",
                "Angle_of_Subnasale_right"
            ],
            "xVal": -6.26,
            "yVal": -26.88,
            "zVal": 100.13,
            "cameraX": "",
            "cameraY": "",
            "cameraZ": "",
            "type": "Points"
        },
        {
            "id": "Subnasale",
            "name": "Subnasale",
            "abbrv": "sn",
            "list": "Y",
            "imageFile": "feature_point_subnasale-basal.png",
            "description": "The midpoint of the columella base. The deepest point at the junction of the base of the columella and the upper lip in the midline. Located at the apex of the nasolabial angle in the midline, where the inferior border of the nasal septum meets the skin of the upper lip.",
            "references": "(20)",
            "usedInMeasurements": [
                "Columella_Length_Surface",
                "Columella_Length",
                "Lower_Facial_Height",
                "Lower_Facial_Height_Surface",
                "Mid-Facial_Height",
                "Mid-Facial_Height_Surface",
                "Nasal_Tip_Projection",
                "Nasal_Tip_Projection_Surface",
                "Nose_Height",
                "Nose_Height_Surface",
                "Nostril_Floor_Width_(left)",
                "Nostril_Floor_Width_(left)_Surface",
                "Nostril_Floor_Width_(right)",
                "Nostril_Floor_Width_(right)_Surface",
                "Premaxilla_-_left",
                "Premaxilla_-_left_Surface",
                "Premaxilla_-_right",
                "Premaxilla_-_right_Surface",
                "Upper_Lip_Height",
                "Upper_Lip_Height_Surface",
                "Columellar_Labial_Angle",
                "Columellar_Lobular_Angle",
                "Nasal_Tip_Angle",
                "Nasolabial_Angle_I",
                "Nasal_Tip_Projection:_Baum",
                "Nasal_Tip_Projection:_Powell_and_Humphries",
                "Nasal_Tip_Projection:_Simons"
            ],
            "xVal": -1.92,
            "yVal": -28.85,
            "zVal": 101.43,
            "cameraX": "",
            "cameraY": "",
            "cameraZ": "",
            "type": "Points"
        },
        {
            "id": "Supratip_Break_Point",
            "name": "Supratip Break Point",
            "abbrv": "s",
            "list": "Y",
            "imageFile": "feature_point_supratip_break_point-lateral(l).png",
            "description": "The area just cephalad to the nasal tip at the caudal portion of the nasal dorsum.",
            "references": "(38)",
            "usedInMeasurements": [
                "Supratip_Lobule",
                "Supratip_Lobule_Surface"
            ],
            "xVal": -3.49,
            "yVal": -0.8,
            "zVal": 112.2,
            "cameraX": "",
            "cameraY": "",
            "cameraZ": "",
            "type": "Points"
        },
        {
            "id": "Tip_Defining_Point_left",
            "name": "Tip Defining Point - left",
            "abbrv": "td_l",
            "list": "Y",
            "imageFile": "feature_point_tip_defining_point_left-frontal.png",
            "description": "The nasal tip defining point (TDP) is the most anterior projection of the tip cartilages, usually corresponding to the apex of the lobular arch anatomically, and is typically identified externally where the light reflex is seen on the nasal tip.",
            "references": "(39)",
            "usedInMeasurements": [
                "Tip/Lobule_Width",
                "Tip/Lobule_Width_Surface",
                "Lobule_-_Base_Ratio"
            ],
            "xVal": 3.78,
            "yVal": -16.55,
            "zVal": 116.39,
            "cameraX": "",
            "cameraY": "",
            "cameraZ": "",
            "type": "Points"
        },
        {
            "id": "Tip_Defining_Point_right",
            "name": "Tip Defining Point - right",
            "abbrv": "td_r",
            "list": "Y",
            "imageFile": "feature_point_tip_defining_point_right-frontal.png",
            "description": "The nasal tip defining point (TDP) is the most anterior projection of the tip cartilages, usually corresponding to the apex of the lobular arch anatomically, and is typically identified externally where the light reflex is seen on the nasal tip.",
            "references": "(39)",
            "usedInMeasurements": [
                "Tip/Lobule_Width",
                "Tip/Lobule_Width_Surface",
                "Lobule_-_Base_Ratio"
            ],
            "xVal": -7.49,
            "yVal": -17.35,
            "zVal": 117.59,
            "cameraX": "",
            "cameraY": "",
            "cameraZ": "",
            "type": "Points"
        },
        {
            "id": "Tragion_left",
            "name": "Tragion - left",
            "abbrv": "t_l",
            "list": "Y",
            "imageFile": "feature_point_tragion_left-lateral.png",
            "description": "The notch on the upper margin of the left tragus. A bilateral landmark located within the small notch at the superior extent of the tragus (cartilaginous projection just anterior to the auditory meatus), where the cartilage meets the face.",
            "references": "(14, 18)",
            "usedInMeasurements": [
                "Angle_of_Alar_Crease_left",
                "Angle_of_Distant_Chin_left",
                "Angle_of_Labiale_Inferius_left",
                "Angle_of_Labiale_Superius_left",
                "Angle_of_Pogonion_left",
                "Angle_of_Pronasale_left",
                "Angle_of_Sellion_left",
                "Angle_of_Subnasale_left",
                "Facial_Angle",
                "Medium_Facial_Third_Angle_left",
                "Nasomaxillary_Angle"
            ],
            "xVal": 76.33,
            "yVal": -0.07,
            "zVal": -6.4,
            "cameraX": "",
            "cameraY": "",
            "cameraZ": "",
            "type": "Points"
        },
        {
            "id": "Tragion_right",
            "name": "Tragion - right",
            "abbrv": "t_r",
            "list": "Y",
            "imageFile": "feature_point_tragion_right-lateral.png",
            "description": "The notch on the upper margin of the right tragus. A bilateral landmark located within the small notch at the superior extent of the tragus (cartilaginous projection just anterior to the auditory meatus), where the cartilage meets the face.",
            "references": "(14, 18)",
            "usedInMeasurements": [
                "Angle_of_Alar_Crease_right",
                "Angle_of_Distant_Chin_right",
                "Angle_of_Labiale_Inferius_right",
                "Angle_of_Labiale_Superius_right",
                "Angle_of_Pogonion_right",
                "Angle_of_Pronasale_right",
                "Angle_of_Sellion_right",
                "Angle_of_Subnasale_right",
                "Facial_Angle",
                "Mandibular_Angle",
                "Maxillary_Angle",
                "Medium_Facial_Third_Angle_right",
                "Nasal_Angle",
                "Nasomaxillary_Angle"
            ],
            "xVal": -80.68,
            "yVal": -5.57,
            "zVal": -5.01,
            "cameraX": "",
            "cameraY": "",
            "cameraZ": "",
            "type": "Points"
        },
        {
            "id": "Trichion",
            "name": "Trichion",
            "abbrv": "tr",
            "list": "Y",
            "imageFile": "feature_point_trichion-frontal.png",
            "description": "The point on the hairline in the midline of the forehead.",
            "references": "(19)",
            "usedInMeasurements": [
                "Face_Length/Height",
                "Face_Length/Height_Surface",
                "Upper_Facial_Height"
            ],
            "xVal": -5.83,
            "yVal": 86.57,
            "zVal": 79.43,
            "cameraX": "",
            "cameraY": "",
            "cameraZ": "",
            "type": "Points"
        },
        {
            "id": "Vertex",
            "name": "Vertex",
            "abbrv": "v",
            "list": "Y",
            "imageFile": "feature_point_vertex-lateral(l).png",
            "description": "The topmost point of the vault of the cranium.",
            "references": "(33)",
            "usedInMeasurements": [
                ""
            ],
            "xVal": -8,
            "yVal": 125.19,
            "zVal": 15.11,
            "cameraX": "",
            "cameraY": "",
            "cameraZ": "",
            "type": "Points"
        }
    ],
    "measurements": [
        {
            "id": "Ala/Alar_Length_(left)",
            "name": "Ala/Alar Length (left)",
            "surfaceDistId": "Ala/Alar_Length_(left)_Surface",
            "imageFile": "measurement_distance_left_alar_length-basal.png",
            "description": "The distance from pronasale/tip (prn) to alar base junction/alar crease - left (ac_l)",
            "type": "Distances",
            "group": "Distances",
            "list": "Y",
            "references": "(12, 18, 51, 52)",
            "usedFeatures": [
                "Pronasale/Tip",
                "Alar_Crest/Alar_Curvature/Alar_Base_Junction/Alar-Facial_Groove/Alar-Cheek_Junction/Alar_Crease_left"
            ],
            "beginningPoint": {
                "x": 0,
                "y": 0,
                "z": 0
            },
            "endPoint": {
                "x": 0,
                "y": 0,
                "z": 0
            },
            "value": "32.82",
            "cameraX": "",
            "cameraY": "",
            "cameraZ": "",
            "formula": "$$\\sqrt{\\left(Prn.x-Ac_l.x\\right)^2+\\left(Prn.y-Ac_l.y\\right)^2+\\left(Prn.z-Ac_l.z\\right)^2}$$",
            "rangeStart": "1",
            "rangeEnd": "200"
        },
        {
            "id": "Ala/Alar_Length_(right)",
            "name": "Ala/Alar Length (right)",
            "surfaceDistId": "Ala/Alar_Length_(right)_Surface",
            "imageFile": "measurement_distance_right_alar_length-basal.png",
            "description": "The distance from pronasale/tip (prn) to alar base junction/alar crease - right (ac_r)",
            "type": "Distances",
            "group": "Distances",
            "list": "Y",
            "references": "(12, 18, 51, 52)",
            "usedFeatures": [
                "Pronasale/Tip",
                "Alar_Crest/Alar_Curvature/Alar_Base_Junction/Alar-Facial_Groove/Alar-Cheek_Junction/Alar_Crease_right"
            ],
            "beginningPoint": {
                "x": 0,
                "y": 0,
                "z": 0
            },
            "endPoint": {
                "x": 0,
                "y": 0,
                "z": 0
            },
            "value": "33.55",
            "cameraX": "",
            "cameraY": "",
            "cameraZ": "",
            "formula": "$$\\sqrt{\\left(Prn.x-Ac_r.x\\right)^2+\\left(Prn.y-Ac_r.y\\right)^2+\\left(Prn.z-Ac_r.z\\right)^2}$$",
            "rangeStart": "1",
            "rangeEnd": "200"
        },
        {
            "id": "Alar_Base_Width",
            "name": "Alar Base Width",
            "surfaceDistId": "Alar_Base_Width_Surface",
            "imageFile": "measurement_distance_alar_base_width-basal.png",
            "description": "The distance from alar base junction/alar crease - left (ac_l) to alar base junction/alar crease - right (ac_r)",
            "type": "Distances",
            "group": "Distances",
            "list": "Y",
            "references": "(25, 51)",
            "usedFeatures": [
                "Alar_Crest/Alar_Curvature/Alar_Base_Junction/Alar-Facial_Groove/Alar-Cheek_Junction/Alar_Crease_left",
                "Alar_Crest/Alar_Curvature/Alar_Base_Junction/Alar-Facial_Groove/Alar-Cheek_Junction/Alar_Crease_right"
            ],
            "beginningPoint": {
                "x": 0,
                "y": 0,
                "z": 0
            },
            "endPoint": {
                "x": 0,
                "y": 0,
                "z": 0
            },
            "value": "35.76",
            "cameraX": "",
            "cameraY": "",
            "cameraZ": "",
            "formula": "$$\\sqrt{\\left(Ac_l.x-Ac_r.x\\right)^2+\\left(Ac_l.y-Ac_r.y\\right)^2+\\left(Ac_l.z-Ac_r.z\\right)^2}$$",
            "rangeStart": "1",
            "rangeEnd": "200"
        },
        {
            "id": "Base_Bony_Width",
            "name": "Base Bony Width",
            "surfaceDistId": "Base_Bony_Width_Surface",
            "imageFile": "measurement_distance_base_bony_width-frontal.png",
            "description": "The distance from nasal parenthesis - left (np_l) to nasal parenthesis - right (np_r)",
            "type": "Distances",
            "group": "Distances",
            "list": "Y",
            "references": "(30)",
            "usedFeatures": [
                "Nasal_Parenthesis_left",
                "Nasal_Parenthesis_right"
            ],
            "beginningPoint": {
                "x": 0,
                "y": 0,
                "z": 0
            },
            "endPoint": {
                "x": 0,
                "y": 0,
                "z": 0
            },
            "value": "35.22",
            "cameraX": "",
            "cameraY": "",
            "cameraZ": "",
            "formula": "$$\\sqrt{\\left(Np_l.x-Np_r.x\\right)^2+\\left(Np_l.y-Np_r.y\\right)^2+\\left(Np_l.z-Np_r.z\\right)^2}$$",
            "rangeStart": "1",
            "rangeEnd": "200"
        },
        {
            "id": "Columella_Length_I",
            "name": "Columella Length",
            "surfaceDistId": "Columella_Length_I_Surface",
            "imageFile": "measurement_distance_columella_length_I-lateral(l).png",
            "description": "The distance between subnasale (sn) and columella breakpoint (cb)",
            "type": "Distances",
            "group": "Distances",
            "list": "Y",
            "references": "(54)",
            "usedFeatures": [
                "Subnasale",
                "Columellar_Break_Point"
            ],
            "beginningPoint": {
                "x": 0,
                "y": 0,
                "z": 0
            },
            "endPoint": {
                "x": 0,
                "y": 0,
                "z": 0
            },
            "value": "11.17",
            "cameraX": "",
            "cameraY": "",
            "cameraZ": "",
            "formula": "$$\\sqrt{\\left(Sn.x-C.x\\right)^2+\\left(Sn.y-C.y\\right)^2+\\left(Sn.z-C.z\\right)^2}$$",
            "rangeStart": "1",
            "rangeEnd": "200"
        },
        {
            "id": "Columella_Width_I",
            "name": "Columella Width",
            "surfaceDistId": "Columella_Width_I_Surface",
            "imageFile": "measurement_distance_columella_width_I-basal.png",
            "description": "The distance from subnasale - left (sn_l) to subnasale - right (sn_r)",
            "type": "Distances",
            "group": "Distances",
            "list": "Y",
            "references": "(12, 51, 52, 54)",
            "usedFeatures": [
                "Subnasale_left",
                "Subnasale_right"
            ],
            "beginningPoint": {
                "x": 0,
                "y": 0,
                "z": 0
            },
            "endPoint": {
                "x": 0,
                "y": 0,
                "z": 0
            },
            "value": "9.34",
            "cameraX": "",
            "cameraY": "",
            "cameraZ": "",
            "formula": "$$\\sqrt{\\left(Sn’_l.x-Sn’_r.x\\right)^2+\\left(Sn’_l.y-Sn’_r.y\\right)^2+\\left(Sn’_l.z-Sn’_r.z\\right)^2}$$",
            "rangeStart": "1",
            "rangeEnd": "200"
        },
        {
            "id": "Infratip_Lobule/Infralobule",
            "name": "Infratip Lobule Length",
            "surfaceDistId": "Infratip_Lobule/Infralobule_Surface",
            "imageFile": "measurement_distance_infratip_lobule-lateral(l).png",
            "description": "The distance from pronasale/tip (prn) to columella break point (cb)",
            "type": "Distances",
            "group": "Distances",
            "list": "Y",
            "references": "(58)",
            "usedFeatures": [
                "Pronasale/Tip",
                "Columellar_Break_Point"
            ],
            "beginningPoint": {
                "x": 0,
                "y": 0,
                "z": 0
            },
            "endPoint": {
                "x": 0,
                "y": 0,
                "z": 0
            },
            "value": "11.44",
            "cameraX": "",
            "cameraY": "",
            "cameraZ": "",
            "formula": "$$\\sqrt{\\left(Prn.x-C.x\\right)^2+\\left(Prn.y-C.y\\right)^2+\\left(Prn.z-C.z\\right)^2}$$",
            "rangeStart": "1",
            "rangeEnd": "200"
        },
        {
            "id": "Interalar_Distance",
            "name": "Interalar Distance",
            "surfaceDistId": "Interalar_Distance_Surface",
            "imageFile": "measurement_distance_interalar_distance-frontal.png",
            "description": "The distance from alare/alar flare - left (al_l) to alar/alar flare - right (al_r).",
            "type": "Distances",
            "group": "Distances",
            "list": "Y",
            "references": "(12, 18, 25, 48, 51, 59, 60",
            "usedFeatures": [
                "Alare/Alar_Flare_left",
                "Alare/Alar_Flare_right"
            ],
            "beginningPoint": {
                "x": 0,
                "y": 0,
                "z": 0
            },
            "endPoint": {
                "x": 0,
                "y": 0,
                "z": 0
            },
            "value": "35.64",
            "cameraX": "",
            "cameraY": "",
            "cameraZ": "",
            "formula": "$$\\sqrt{\\left(Al_l.x-Al_r.x\\right)^2+\\left(Al_l.y-Al_r.y\\right)^2+\\left(Al_l.z-Al_r.z\\right)^2}$$",
            "rangeStart": "1",
            "rangeEnd": "200"
        },
        {
            "id": "(Inner)_Intercanthal_Distance/Width",
            "name": "(Inner) Intercanthal Distance/Width",
            "surfaceDistId": "(Inner)_Intercanthal_Distance/Width_Surface",
            "imageFile": "measurement_distance_intercanthal_distance-frontal.png",
            "description": "The distance from endocanthion/medial canthus - left (en_l) to endocanthion/medial canthus - right (en_r)",
            "type": "Distances",
            "group": "Distances",
            "list": "Y",
            "references": "(18, 61)",
            "usedFeatures": [
                "Endocanthion/Medial_Canthus_left",
                "Endocanthion/Medial_Canthus_right"
            ],
            "beginningPoint": {
                "x": 0,
                "y": 0,
                "z": 0
            },
            "endPoint": {
                "x": 0,
                "y": 0,
                "z": 0
            },
            "value": "30.43",
            "cameraX": "",
            "cameraY": "",
            "cameraZ": "",
            "formula": "$$\\sqrt{\\left(En_l.x-En_r.x\\right)^2+\\left(En_l.y-En_r.y\\right)^2+\\left(En_l.z-En_r.z\\right)^2}$$",
            "rangeStart": "1",
            "rangeEnd": "200"
        },
        {
            "id": "Mid-Facial_Height",
            "name": "Mid-Facial Height",
            "surfaceDistId": "Mid-Facial_Height_Surface",
            "imageFile": "measurement_distance_mid_facial_height-frontal.png",
            "description": "The distance between subnasale (sn) and glabella (g)",
            "type": "Distances",
            "group": "Distances",
            "list": "N",
            "references": "(34, 59)",
            "usedFeatures": [
                "Subnasale",
                "Glabella"
            ],
            "beginningPoint": {
                "x": 0,
                "y": 0,
                "z": 0
            },
            "endPoint": {
                "x": 0,
                "y": 0,
                "z": 0
            },
            "value": "128.11",
            "cameraX": "",
            "cameraY": "",
            "cameraZ": "",
            "formula": "$$\\sqrt{\\left(G.x-Sn.x\\right)^2+\\left(G.y-Sn.y\\right)^2+\\left(G.z-Sn.z\\right)^2}$$",
            "rangeStart": "1",
            "rangeEnd": "200"
        },
        {
            "id": "Nasal_Bridge_Length",
            "name": "Nasal Bridge Length",
            "surfaceDistId": "Nasal_Bridge_Length_Surface",
            "imageFile": "measurement_distance_nasal_bridge_length-lateral(l).png",
            "description": "The distance from pronasale/tip (prn) to nasion (n)",
            "type": "Distances",
            "group": "Distances",
            "list": "Y",
            "references": "(17, 18, 51, 52)",
            "usedFeatures": [
                "Pronasale/Tip",
                "Nasion/Radix"
            ],
            "beginningPoint": {
                "x": 0,
                "y": 0,
                "z": 0
            },
            "endPoint": {
                "x": 0,
                "y": 0,
                "z": 0
            },
            "value": "42.53",
            "cameraX": "",
            "cameraY": "",
            "cameraZ": "",
            "formula": "$$\\sqrt{\\left(Prn.x-N.x\\right)^2+\\left(Prn.y-N.y\\right)^2+\\left(Prn.z-N.z\\right)^2}$$",
            "rangeStart": "1",
            "rangeEnd": "200"
        },
        {
            "id": "Nasal_Root_Width",
            "name": "Nasal Root Width",
            "surfaceDistId": "Nasal_Root_Width_Surface",
            "imageFile": "measurement_distance_nasal_root_width-frontal.png",
            "description": "Distance from maxillofrontale - left (mf_l) to maxillofrontale - right (mf_r)",
            "type": "Distances",
            "group": "Distances",
            "list": "Y",
            "references": "(25, 26, 52, 66)",
            "usedFeatures": [
                "Maxillofrontale_left",
                "Maxillofrontale_right"
            ],
            "beginningPoint": {
                "x": 0,
                "y": 0,
                "z": 0
            },
            "endPoint": {
                "x": 0,
                "y": 0,
                "z": 0
            },
            "value": "21.31",
            "cameraX": "",
            "cameraY": "",
            "cameraZ": "",
            "formula": "$$\\sqrt{\\left(Mf_l.x-Mf_r.x\\right)^2+\\left(Mf_l.y-Mf_r.y\\right)^2+\\left(Mf_l.z-Mf_r.z\\right)^2}$$",
            "rangeStart": "1",
            "rangeEnd": "200"
        },
        {
            "id": "Nasal_Tip_Projection",
            "name": "Nasal Tip Projection",
            "surfaceDistId": "Nasal_Tip_Projection_Surface",
            "imageFile": "measurement_distance_nasal_tip_projection_I-lateral(l).png",
            "description": "The distance from pronasale/Tip (prn) to subnasale (sn)",
            "type": "Distances",
            "group": "Distances",
            "list": "Y",
            "references": "(64)",
            "usedFeatures": [
                "Subnasale",
                "Pronasale/Tip"
            ],
            "beginningPoint": {
                "x": 0,
                "y": 0,
                "z": 0
            },
            "endPoint": {
                "x": 0,
                "y": 0,
                "z": 0
            },
            "value": "21.84",
            "cameraX": "",
            "cameraY": "",
            "cameraZ": "",
            "formula": "$$\\sqrt{\\left(Prn.x-Sn.x\\right)^2+\\left(Prn.y-Sn.y\\right)^2+\\left(Prn.z-Sn.z\\right)^2}$$",
            "rangeStart": "1",
            "rangeEnd": "200"
        },
        {
            "id": "Nose_Height",
            "name": "Nose Height",
            "surfaceDistId": "Nose_Height_Surface",
            "imageFile": "measurement_distance_nose_height-lateral(l).png",
            "description": "The distance from Subnasale (sn) to Nasion (n)",
            "type": "Distances",
            "group": "Distances",
            "list": "Y",
            "references": "(18, 25, 51, 52)",
            "usedFeatures": [
                "Subnasale",
                "Nasion/Radix"
            ],
            "beginningPoint": {
                "x": 0,
                "y": 0,
                "z": 0
            },
            "endPoint": {
                "x": 0,
                "y": 0,
                "z": 0
            },
            "value": "49.73",
            "cameraX": "",
            "cameraY": "",
            "cameraZ": "",
            "formula": "$$\\sqrt{\\left(Sn.x-N.x\\right)^2+\\left(Sn.y-N.y\\right)^2+\\left(Sn.z-N.z\\right)^2}$$",
            "rangeStart": "1",
            "rangeEnd": "200"
        },
        {
            "id": "Premaxilla_-_left",
            "name": "Premaxilla - left",
            "surfaceDistId": "Premaxilla_-_left_Surface",
            "imageFile": "measurement_distance_left_premaxilla-lateral(l).png",
            "description": "The distance between subnasale (sn) and alar base junction/alar crease - left (ac_l)",
            "type": "Distances",
            "group": "Distances",
            "list": "Y",
            "references": "(18)",
            "usedFeatures": [
                "Subnasale",
                "Alar_Crest/Alar_Curvature/Alar_Base_Junction/Alar-Facial_Groove/Alar-Cheek_Junction/Alar_Crease_left"
            ],
            "beginningPoint": {
                "x": 0,
                "y": 0,
                "z": 0
            },
            "endPoint": {
                "x": 0,
                "y": 0,
                "z": 0
            },
            "value": "20.16",
            "cameraX": "",
            "cameraY": "",
            "cameraZ": "",
            "formula": "$$\\sqrt{\\left(Sn.x-Ac_l.x\\right)^2+\\left(Sn.y-Ac_l.y\\right)^2+\\left(Sn.z-Ac_l.z\\right)^2}$$",
            "rangeStart": "1",
            "rangeEnd": "200"
        },
        {
            "id": "Premaxilla_-_right",
            "name": "Premaxilla - right",
            "surfaceDistId": "Premaxilla_-_right_Surface",
            "imageFile": "measurement_distance_right_premaxilla-lateral(r).png",
            "description": "The distance between subnasale (sn) and alar base junction/alar crease - right (ac_r)",
            "type": "Distances",
            "group": "Distances",
            "list": "Y",
            "references": "(18)",
            "usedFeatures": [
                "Subnasale",
                "Alar_Crest/Alar_Curvature/Alar_Base_Junction/Alar-Facial_Groove/Alar-Cheek_Junction/Alar_Crease_right"
            ],
            "beginningPoint": {
                "x": 0,
                "y": 0,
                "z": 0
            },
            "endPoint": {
                "x": 0,
                "y": 0,
                "z": 0
            },
            "value": "20.02",
            "cameraX": "",
            "cameraY": "",
            "cameraZ": "",
            "formula": "$$\\sqrt{\\left(Sn.x-Ac_r.x\\right)^2+\\left(Sn.y-Ac_r.y\\right)^2+\\left(Sn.z-Ac_r.z\\right)^2}$$",
            "rangeStart": "1",
            "rangeEnd": "200"
        },
        {
            "id": "Supratip_Lobule",
            "name": "Supratip Lobule",
            "surfaceDistId": "Supratip_Lobule_Surface",
            "imageFile": "measurement_distance_supratip_lobule-lateral(l).png",
            "description": "The distance from pronasale/tip (prn) to supratip break point (s)",
            "type": "Distances",
            "group": "Distances",
            "list": "Y",
            "references": "(13, 68)",
            "usedFeatures": [
                "Pronasale/Tip",
                "Supratip_Break_Point"
            ],
            "beginningPoint": {
                "x": 0,
                "y": 0,
                "z": 0
            },
            "endPoint": {
                "x": 0,
                "y": 0,
                "z": 0
            },
            "value": "16.12",
            "cameraX": "",
            "cameraY": "",
            "cameraZ": "",
            "formula": "$$\\sqrt{\\left(Prn.x-S.x\\right)^2+\\left(Prn.y-S.y\\right)^2+\\left(Prn.z-S.z\\right)^2}$$",
            "rangeStart": "1",
            "rangeEnd": "200"
        },
        {
            "id": "Tip/Lobule_Width",
            "name": "Tip/Lobule Width",
            "surfaceDistId": "Tip/Lobule_Width_Surface",
            "imageFile": "measurement_distance_lobule_width-frontal.png",
            "description": "The distance from tip defining point - left (td_l) to tip defining point - right (td_r)",
            "type": "Distances",
            "group": "Distances",
            "list": "Y",
            "references": "(69)",
            "usedFeatures": [
                "Tip_Defining_Point_left",
                "Tip_Defining_Point_right"
            ],
            "beginningPoint": {
                "x": 0,
                "y": 0,
                "z": 0
            },
            "endPoint": {
                "x": 0,
                "y": 0,
                "z": 0
            },
            "value": "11.36",
            "cameraX": "",
            "cameraY": "",
            "cameraZ": "",
            "formula": "$$\\sqrt{\\left(Td_l.x-Td_r.x\\right)^2+\\left(Td_l.y-Td_r.y\\right)^2+\\left(Td_l.z-Td_r.z\\right)^2}$$",
            "rangeStart": "1",
            "rangeEnd": "200"
        },
        {
            "id": "Alar_Base_Width_Surface",
            "name": "Alar Base Width - Surface",
            "flyDistId": "Alar_Base_Width",
            "numberOfSegments": 36,
            "imageFile": "measurement_distance_alar_base_width-basal.png",
            "description": "The surface distance from alar base junction/alar crease - left (ac_l) to alar base junction/alar crease - right (ac_r)",
            "type": "Distances - Surface",
            "group": "Surface Distances",
            "typeOfView": "basal",
            "references": "Please check the corresponding 'not surface' measurement",
            "referencesFly": "(25, 51)",
            "storedPoints": [
                {
                    "x": 14.83,
                    "y": -24.58,
                    "z": 95.48
                },
                {
                    "x": 13.82,
                    "y": -25.19,
                    "z": 96.57
                },
                {
                    "x": 12.83,
                    "y": -25.57,
                    "z": 97.11
                },
                {
                    "x": 11.84,
                    "y": -25.83,
                    "z": 97.38
                },
                {
                    "x": 10.88,
                    "y": -25.78,
                    "z": 96.92
                },
                {
                    "x": 9.91,
                    "y": -25.6,
                    "z": 96.16
                },
                {
                    "x": 8.94,
                    "y": -25.72,
                    "z": 96.11
                },
                {
                    "x": 4.01,
                    "y": -27.9,
                    "z": 99.55
                },
                {
                    "x": 3.04,
                    "y": -28.22,
                    "z": 99.96
                },
                {
                    "x": 2.07,
                    "y": -28.55,
                    "z": 100.4
                },
                {
                    "x": 1.1,
                    "y": -28.83,
                    "z": 100.73
                },
                {
                    "x": 0.13,
                    "y": -29.1,
                    "z": 101.02
                },
                {
                    "x": -0.84,
                    "y": -29.32,
                    "z": 101.2
                },
                {
                    "x": -1.8,
                    "y": -29.51,
                    "z": 101.32
                },
                {
                    "x": -2.77,
                    "y": -29.54,
                    "z": 101.07
                },
                {
                    "x": -3.74,
                    "y": -29.61,
                    "z": 100.9
                },
                {
                    "x": -4.71,
                    "y": -29.61,
                    "z": 100.54
                },
                {
                    "x": -5.68,
                    "y": -29.6,
                    "z": 100.2
                },
                {
                    "x": -6.65,
                    "y": -29.55,
                    "z": 99.72
                },
                {
                    "x": -7.63,
                    "y": -29.49,
                    "z": 99.25
                },
                {
                    "x": -8.61,
                    "y": -29.43,
                    "z": 98.77
                },
                {
                    "x": -9.59,
                    "y": -29.38,
                    "z": 98.32
                },
                {
                    "x": -10.57,
                    "y": -29.36,
                    "z": 97.93
                },
                {
                    "x": -11.55,
                    "y": -29.36,
                    "z": 97.59
                },
                {
                    "x": -12.53,
                    "y": -29.34,
                    "z": 97.2
                },
                {
                    "x": -13.52,
                    "y": -29.28,
                    "z": 96.71
                },
                {
                    "x": -14.51,
                    "y": -29.17,
                    "z": 96.12
                },
                {
                    "x": -15.5,
                    "y": -29.05,
                    "z": 95.49
                },
                {
                    "x": -16.51,
                    "y": -28.82,
                    "z": 94.58
                },
                {
                    "x": -17.52,
                    "y": -28.59,
                    "z": 93.7
                },
                {
                    "x": -18.52,
                    "y": -28.48,
                    "z": 93.1
                }
            ],
            "list": "Y",
            "usedFeatures": [
                "Alar_Crest/Alar_Curvature/Alar_Base_Junction/Alar-Facial_Groove/Alar-Cheek_Junction/Alar_Crease_left",
                "Alar_Crest/Alar_Curvature/Alar_Base_Junction/Alar-Facial_Groove/Alar-Cheek_Junction/Alar_Crease_right"
            ],
            "value": "42.73",
            "cameraX": "",
            "cameraY": "",
            "cameraZ": "",
            "formula": "",
            "rangeStart": "1",
            "rangeEnd": "200"
        },
        {
            "id": "Columella_Length_I_Surface",
            "name": "Columella Length - Surface",
            "flyDistId": "Columella_Length_I",
            "numberOfSegments": 12,
            "imageFile": "measurement_distance_columella_length_I-lateral(l).png",
            "description": "The surface distance between subnasale (sn) and columella breakpoint (cb)",
            "type": "Distances - Surface",
            "group": "Surface Distances",
            "typeOfView": "front",
            "references": "Please check the corresponding 'not surface' measurement",
            "referencesFly": "(54)",
            "storedPoints": [
                {
                    "x": -0.39999999999999997,
                    "y": -18.872,
                    "z": 97.43
                },
                {
                    "x": -0.19999999999999996,
                    "y": -18.214,
                    "z": 98.46
                },
                {
                    "x": 1.1102230246251565e-16,
                    "y": -17.556,
                    "z": 100.14
                },
                {
                    "x": 0.20000000000000007,
                    "y": -16.898,
                    "z": 101.91
                }
            ],
            "list": "N",
            "usedFeatures": [
                "Subnasale",
                "Columellar_Break_Point"
            ],
            "value": "10.42",
            "cameraX": "",
            "cameraY": "",
            "cameraZ": "",
            "formula": "",
            "rangeStart": "1",
            "rangeEnd": "200"
        },
        {
            "id": "Columella_Width_I_Surface",
            "name": "Columella Width - Surface",
            "flyDistId": "Columella_Width_I",
            "numberOfSegments": 10,
            "imageFile": "measurement_distance_columella_width_I-basal.png",
            "description": "The surface distance from subnasale - left (sn_l) to subnasale - right (sn_r)",
            "type": "Distances - Surface",
            "group": "Surface Distances",
            "typeOfView": "steepBasal",
            "references": "Please check the corresponding 'not surface' measurement",
            "referencesFly": "(12, 51, 52, 54)",
            "storedPoints": [
                {
                    "x": 4.31,
                    "y": -17.45,
                    "z": 95.95
                },
                {
                    "x": 3.39,
                    "y": -18.17,
                    "z": 96.24
                },
                {
                    "x": 2.46,
                    "y": -18.66,
                    "z": 96.41
                },
                {
                    "x": 1.54,
                    "y": -19.13,
                    "z": 96.57
                },
                {
                    "x": 0.62,
                    "y": -19.42,
                    "z": 96.63
                },
                {
                    "x": -0.3,
                    "y": -19.66,
                    "z": 96.66
                },
                {
                    "x": -1.22,
                    "y": -19.57,
                    "z": 96.53
                },
                {
                    "x": -2.14,
                    "y": -19.35,
                    "z": 96.32
                },
                {
                    "x": -3.06,
                    "y": -18.9,
                    "z": 96
                },
                {
                    "x": -3.98,
                    "y": -18.49,
                    "z": 95.7
                },
                {
                    "x": -4.91,
                    "y": -17.91,
                    "z": 95.31
                }
            ],
            "list": "N",
            "usedFeatures": [
                "Subnasale_left",
                "Subnasale_right"
            ],
            "value": "13.50",
            "cameraX": "",
            "cameraY": "",
            "cameraZ": "",
            "formula": "",
            "rangeStart": "1",
            "rangeEnd": "200"
        },
        {
            "id": "Interalar_Distance_Surface",
            "name": "Interalar Distance - Surface",
            "flyDistId": "Interalar_Distance",
            "numberOfSegments": 36,
            "imageFile": "measurement_distance_interalar_distance-frontal.png",
            "description": "The surface distance from alare/alar flare - left (al_l) to alar/alar flare - right (al_r).",
            "type": "Distances - Surface",
            "group": "Surface Distances",
            "typeOfView": "front",
            "references": "Please check the corresponding 'not surface' measurement",
            "referencesFly": "(12, 18, 25, 48, 51, 59, 60",
            "storedPoints": [
                {
                    "x": 15.132777777777779,
                    "y": -20.039166666666667,
                    "z": 97.97
                },
                {
                    "x": 14.145555555555557,
                    "y": -20.10833333333333,
                    "z": 99.58
                },
                {
                    "x": 13.158333333333333,
                    "y": -20.1775,
                    "z": 100.92
                },
                {
                    "x": 12.171111111111111,
                    "y": -20.246666666666666,
                    "z": 102.29
                },
                {
                    "x": 11.18388888888889,
                    "y": -20.315833333333334,
                    "z": 103.4
                },
                {
                    "x": 10.196666666666665,
                    "y": -20.384999999999998,
                    "z": 105.07
                },
                {
                    "x": 9.209444444444443,
                    "y": -20.454166666666666,
                    "z": 106.88
                },
                {
                    "x": 8.222222222222221,
                    "y": -20.523333333333333,
                    "z": 108.39
                },
                {
                    "x": 7.234999999999999,
                    "y": -20.5925,
                    "z": 109.66
                },
                {
                    "x": 6.247777777777777,
                    "y": -20.661666666666665,
                    "z": 110.88
                },
                {
                    "x": 5.260555555555554,
                    "y": -20.730833333333333,
                    "z": 112.06
                },
                {
                    "x": 4.273333333333332,
                    "y": -20.8,
                    "z": 113.22
                },
                {
                    "x": 3.2861111111111097,
                    "y": -20.869166666666665,
                    "z": 114.3
                },
                {
                    "x": 2.298888888888886,
                    "y": -20.938333333333333,
                    "z": 114.86
                },
                {
                    "x": 1.3116666666666639,
                    "y": -21.0075,
                    "z": 115.35
                },
                {
                    "x": 0.32444444444444187,
                    "y": -21.076666666666668,
                    "z": 115.83
                },
                {
                    "x": -0.6627777777777801,
                    "y": -21.145833333333332,
                    "z": 116.32
                },
                {
                    "x": -1.6500000000000021,
                    "y": -21.215,
                    "z": 116.46
                },
                {
                    "x": -2.637222222222224,
                    "y": -21.284166666666668,
                    "z": 116.29
                },
                {
                    "x": -3.624444444444446,
                    "y": -21.35333333333333,
                    "z": 116.13
                },
                {
                    "x": -4.611666666666672,
                    "y": -21.4225,
                    "z": 115.96
                },
                {
                    "x": -5.598888888888894,
                    "y": -21.491666666666667,
                    "z": 115.68
                },
                {
                    "x": -6.586111111111116,
                    "y": -21.560833333333335,
                    "z": 114.86
                },
                {
                    "x": -7.573333333333338,
                    "y": -21.63,
                    "z": 114.02
                },
                {
                    "x": -8.56055555555556,
                    "y": -21.699166666666667,
                    "z": 113.18
                },
                {
                    "x": -9.547777777777782,
                    "y": -21.768333333333334,
                    "z": 112.04
                },
                {
                    "x": -10.535000000000004,
                    "y": -21.8375,
                    "z": 110.88
                },
                {
                    "x": -11.52222222222223,
                    "y": -21.906666666666666,
                    "z": 109.25
                },
                {
                    "x": -12.509444444444451,
                    "y": -21.975833333333334,
                    "z": 107.21
                },
                {
                    "x": -13.496666666666673,
                    "y": -22.045,
                    "z": 104.91
                },
                {
                    "x": -14.483888888888895,
                    "y": -22.114166666666666,
                    "z": 103.77
                },
                {
                    "x": -15.471111111111117,
                    "y": -22.183333333333334,
                    "z": 102.76
                },
                {
                    "x": -16.45833333333334,
                    "y": -22.2525,
                    "z": 101.19
                },
                {
                    "x": -17.44555555555556,
                    "y": -22.32166666666667,
                    "z": 99.59
                },
                {
                    "x": -18.432777777777783,
                    "y": -22.390833333333333,
                    "z": 97.17
                }
            ],
            "list": "Y",
            "usedFeatures": [
                "Alare/Alar_Flare_left",
                "Alare/Alar_Flare_right"
            ],
            "value": "58.35",
            "cameraX": "",
            "cameraY": "",
            "cameraZ": "",
            "formula": "",
            "rangeStart": "1",
            "rangeEnd": "200"
        },
        {
            "id": "Nasal_Bridge_Length_Surface",
            "name": "Nasal Bridge Length - Surface",
            "flyDistId": "Nasal_Bridge_Length",
            "numberOfSegments": 43,
            "imageFile": "measurement_distance_nasal_bridge_length-lateral(l).png",
            "description": "The surface distance from pronasale/tip (prn) to nasion (n)",
            "type": "Distances - Surface",
            "group": "Surface Distances",
            "typeOfView": "front",
            "references": "Please check the corresponding 'not surface' measurement",
            "referencesFly": "(17, 18, 51, 52)",
            "storedPoints": [
                {
                    "x": -3.6974418604651165,
                    "y": -14.72325581395349,
                    "z": 118.72
                },
                {
                    "x": -3.754883720930233,
                    "y": -13.886511627906977,
                    "z": 118.55
                },
                {
                    "x": -3.812325581395349,
                    "y": -13.049767441860466,
                    "z": 118.37
                },
                {
                    "x": -3.869767441860465,
                    "y": -12.213023255813955,
                    "z": 118.2
                },
                {
                    "x": -3.9272093023255814,
                    "y": -11.376279069767442,
                    "z": 118
                },
                {
                    "x": -3.9846511627906978,
                    "y": -10.53953488372093,
                    "z": 117.78
                },
                {
                    "x": -4.0420930232558145,
                    "y": -9.70279069767442,
                    "z": 117.42
                },
                {
                    "x": -4.0995348837209304,
                    "y": -8.866046511627907,
                    "z": 117.03
                },
                {
                    "x": -4.156976744186046,
                    "y": -8.029302325581394,
                    "z": 116.63
                },
                {
                    "x": -4.214418604651163,
                    "y": -7.192558139534883,
                    "z": 116.2
                },
                {
                    "x": -4.271860465116279,
                    "y": -6.355813953488372,
                    "z": 115.7
                },
                {
                    "x": -4.329302325581396,
                    "y": -5.519069767441861,
                    "z": 115.19
                },
                {
                    "x": -4.386744186046512,
                    "y": -4.682325581395348,
                    "z": 114.66
                },
                {
                    "x": -4.4441860465116285,
                    "y": -3.8455813953488374,
                    "z": 114.06
                },
                {
                    "x": -4.501627906976744,
                    "y": -3.0088372093023246,
                    "z": 113.39
                },
                {
                    "x": -4.55906976744186,
                    "y": -2.1720930232558135,
                    "z": 112.72
                },
                {
                    "x": -4.616511627906977,
                    "y": -1.3353488372093025,
                    "z": 112.08
                },
                {
                    "x": -4.673953488372093,
                    "y": -0.49860465116278974,
                    "z": 111.46
                },
                {
                    "x": -4.73139534883721,
                    "y": 0.3381395348837213,
                    "z": 110.87
                },
                {
                    "x": -4.788837209302326,
                    "y": 1.174883720930234,
                    "z": 110.27
                },
                {
                    "x": -4.8462790697674425,
                    "y": 2.0116279069767433,
                    "z": 109.67
                },
                {
                    "x": -4.903720930232558,
                    "y": 2.848372093023256,
                    "z": 109.07
                },
                {
                    "x": -4.961162790697674,
                    "y": 3.685116279069769,
                    "z": 108.55
                },
                {
                    "x": -5.018604651162791,
                    "y": 4.521860465116278,
                    "z": 108.04
                },
                {
                    "x": -5.076046511627907,
                    "y": 5.358604651162791,
                    "z": 107.52
                },
                {
                    "x": -5.133488372093024,
                    "y": 6.195348837209304,
                    "z": 106.96
                },
                {
                    "x": -5.19093023255814,
                    "y": 7.0320930232558165,
                    "z": 106.35
                },
                {
                    "x": -5.2483720930232565,
                    "y": 7.868837209302326,
                    "z": 105.71
                },
                {
                    "x": -5.305813953488372,
                    "y": 8.705581395348839,
                    "z": 105.07
                },
                {
                    "x": -5.363255813953488,
                    "y": 9.542325581395351,
                    "z": 104.45
                },
                {
                    "x": -5.420697674418605,
                    "y": 10.37906976744186,
                    "z": 103.86
                },
                {
                    "x": -5.478139534883721,
                    "y": 11.215813953488373,
                    "z": 103.27
                },
                {
                    "x": -5.535581395348838,
                    "y": 12.052558139534886,
                    "z": 102.6
                },
                {
                    "x": -5.593023255813954,
                    "y": 12.889302325581395,
                    "z": 101.92
                },
                {
                    "x": -5.65046511627907,
                    "y": 13.726046511627908,
                    "z": 101.24
                },
                {
                    "x": -5.707906976744186,
                    "y": 14.562790697674421,
                    "z": 100.55
                },
                {
                    "x": -5.765348837209302,
                    "y": 15.39953488372093,
                    "z": 99.85
                },
                {
                    "x": -5.822790697674419,
                    "y": 16.23627906976744,
                    "z": 99.13
                },
                {
                    "x": -5.880232558139536,
                    "y": 17.07302325581395,
                    "z": 98.44
                },
                {
                    "x": -5.937674418604651,
                    "y": 17.909767441860467,
                    "z": 97.76
                },
                {
                    "x": -5.995116279069768,
                    "y": 18.746511627906976,
                    "z": 97.21
                },
                {
                    "x": -6.052558139534884,
                    "y": 19.583255813953485,
                    "z": 96.68
                }
            ],
            "list": "Y",
            "usedFeatures": [
                "Pronasale/Tip",
                "Nasion/Radix"
            ],
            "value": "43.07",
            "cameraX": "",
            "cameraY": "",
            "cameraZ": "",
            "formula": "",
            "rangeStart": "1",
            "rangeEnd": "200"
        },
        {
            "id": "Nasal_Tip_Projection_Surface",
            "name": "Nasal Tip Projection - Surface",
            "numberOfSegments": 22,
            "imageFile": "measurement_distance_nasal_tip_projection_I-lateral(l).png",
            "description": "The surface distance from pronasale/Tip (prn) to subnasale (sn)",
            "type": "Distances - Surface",
            "group": "Surface Distances",
            "typeOfView": "front",
            "references": "Please check the corresponding 'not surface' measurement",
            "referencesFly": "(64)",
            "storedPoints": [
                {
                    "x": -1.998181818181818,
                    "y": -28.24590909090909,
                    "z": 101.94
                },
                {
                    "x": -2.076363636363636,
                    "y": -27.641818181818184,
                    "z": 102.56
                },
                {
                    "x": -2.1545454545454543,
                    "y": -27.037727272727274,
                    "z": 103.29
                },
                {
                    "x": -2.2327272727272724,
                    "y": -26.433636363636364,
                    "z": 104.82
                },
                {
                    "x": -2.310909090909091,
                    "y": -25.829545454545457,
                    "z": 106.41
                },
                {
                    "x": -2.389090909090909,
                    "y": -25.225454545454546,
                    "z": 108.87
                },
                {
                    "x": -2.4672727272727273,
                    "y": -24.62136363636364,
                    "z": 110.82
                },
                {
                    "x": -2.5454545454545454,
                    "y": -24.01727272727273,
                    "z": 112.28
                },
                {
                    "x": -2.6236363636363635,
                    "y": -23.41318181818182,
                    "z": 113.43
                },
                {
                    "x": -2.7018181818181817,
                    "y": -22.809090909090912,
                    "z": 114.49
                },
                {
                    "x": -2.7800000000000002,
                    "y": -22.205000000000002,
                    "z": 115.17
                },
                {
                    "x": -2.8581818181818184,
                    "y": -21.60090909090909,
                    "z": 115.89
                },
                {
                    "x": -2.9363636363636365,
                    "y": -20.996818181818185,
                    "z": 116.6
                },
                {
                    "x": -3.0145454545454546,
                    "y": -20.392727272727274,
                    "z": 117.02
                },
                {
                    "x": -3.0927272727272728,
                    "y": -19.788636363636364,
                    "z": 117.44
                },
                {
                    "x": -3.170909090909091,
                    "y": -19.184545454545457,
                    "z": 117.86
                },
                {
                    "x": -3.249090909090909,
                    "y": -18.580454545454547,
                    "z": 118.22
                },
                {
                    "x": -3.327272727272727,
                    "y": -17.976363636363637,
                    "z": 118.41
                },
                {
                    "x": -3.4054545454545453,
                    "y": -17.37227272727273,
                    "z": 118.49
                },
                {
                    "x": -3.4836363636363634,
                    "y": -16.76818181818182,
                    "z": 118.57
                },
                {
                    "x": -3.5618181818181816,
                    "y": -16.16409090909091,
                    "z": 118.64
                }
            ],
            "list": "Y",
            "usedFeatures": [
                "Subnasale",
                "Pronasale/Tip"
            ],
            "value": "23.46",
            "cameraX": "",
            "cameraY": "",
            "cameraZ": "",
            "formula": "",
            "rangeStart": "1",
            "rangeEnd": "200"
        },
        {
            "id": "Interalar_Angle",
            "name": "Interalar Angle",
            "imageFile": "measurement_angle_interalar_angle-basal.png",
            "description": "The angle from alare/alar flare – right (al_r) to nasal tip/pronasale (prn) to alare/alar flare – left (al_l).",
            "type": "Angles",
            "group": "Angles",
            "list": "Y",
            "references": "(52, 79)",
            "usedFeatures": [
                "Pronasale/Tip",
                "Alare/Alar_Flare_left",
                "Alare/Alar_Flare_right"
            ],
            "linePointsOrder": [
                "Alare/Alar_Flare_right",
                "Pronasale/Tip",
                "Alare/Alar_Flare_left"
            ],
            "value": "108.06",
            "cameraX": "",
            "cameraY": "",
            "cameraZ": "",
            "formula": "V1=$$<\\left(Al_l.x-Prn.x\\right),\\left(Al_l.y-Prn.y\\right),\\left(Al_l.z-Prn.z\\right)>$$ V2=$$<\\left(Prn.x-Al_r.x\\right),\\left(Prn.y-Al_r.y\\right),\\left(Prn.z-Al_r.z\\right)>$$$$\\theta=\\cos^{-1}(\\frac{V1\\bullet V2}{|V1||V2|})$$"
        },
        {
            "id": "Nasal_Tip_Angle",
            "name": "Nasal Tip Angle",
            "imageFile": "measurement_angle_nasal_tip_angle-lateral(l).png",
            "description": "The angle between nasion/radix (n) to pronasale/tip (prn) to subnasale (sn).",
            "type": "Angles",
            "group": "Angles",
            "list": "Y",
            "references": "(12, 25, 52)",
            "usedFeatures": [
                "Pronasale/Tip",
                "Nasion/Radix",
                "Subnasale"
            ],
            "linePointsOrder": [
                "Subnasale",
                "Pronasale/Tip",
                "Nasion/Radix"
            ],
            "value": "84.22",
            "cameraX": "",
            "cameraY": "",
            "cameraZ": "",
            "formula": "V1=$$<\\left(N.x-Prn.x\\right),\\left(N.y-Prn.y\\right),\\left(N.z-Prn.z\\right)>$$ V2=$$<\\left(Prn.x-Sn.x\\right),\\left(Prn.y-Sn.y\\right),\\left(Prn.z-Sn.z\\right)>$$$$\\theta=\\cos^{-1}(\\frac{V1\\bullet V2}{|V1||V2|})$$"
        },
        {
            "id": "Nasofrontal_Angle",
            "name": "Nasofrontal Angle",
            "imageFile": "measurement_angle_nasofrontal_angle-lateral(l).png",
            "description": "The angle from glabella (g) to nasion/radix (n) to pronasale/tip (prn)",
            "type": "Angles",
            "group": "Angles",
            "list": "N",
            "references": "(20, 59, 78)",
            "usedFeatures": [
                "Glabella",
                "Nasion/Radix",
                "Pronasale/Tip"
            ],
            "value": "145.70",
            "cameraX": "",
            "cameraY": "",
            "cameraZ": "",
            "formula": "V1=$$<\\left(N.x-G.x\\right),\\left(N.y-G.y\\right),\\left(N.z-G.z\\right)>$$ V2=$$<\\left(N.x-Prn.x\\right),\\left(N.y-Prn.y\\right),\\left(N.z-Prn.z\\right)>$$$$\\theta=\\cos^{-1}(\\frac{V1\\bullet V2}{|V1||V2|})$$"
        },
        {
            "id": "Nasolabial_Angle_I",
            "name": "Nasolabial Angle I",
            "imageFile": "measurement_angle_nasolabial_angle-lateral(l).png",
            "description": "The angle from pronasale/tip (prn) to subnasale (sn) to labiale superius (ls)",
            "type": "Angles",
            "group": "Angles",
            "list": "N",
            "references": "(25, 53, 73)",
            "usedFeatures": [
                "Subnasale",
                "Pronasale/Tip",
                "Labiale_Superius"
            ],
            "linePointsOrder": [
                "Labiale_Superius",
                "Subnasale",
                "Pronasale/Tip"
            ],
            "value": "43.60",
            "cameraX": "",
            "cameraY": "",
            "cameraZ": "",
            "formula": "V1=$$<\\left(Prn.x-Sn.x\\right),\\left(Prn.y-Sn.y\\right),\\left(Prn.z-Sn.z\\right)>$$ V2=$$<\\left(Ls.x-Prn.x\\right),\\left(Ls.y-Prn.y\\right),\\left(Ls.z-Prn.z\\right)>$$$$\\theta=\\cos^{-1}(\\frac{V1\\bullet V2}{|V1||V2|})$$"
        },
        {
            "id": "Nasal_Tip_Projection:_Goode",
            "name": "Nasal Tip Projection: Goode",
            "imageFile": "measurement_ratio_nasal_tip_projection_goode-lateral(l).png",
            "description": "The distance from pronasale (prn) to alar base junction/alar crease - right (ac_r) divided by the distance from nasion (n) to nasal tip/pronasale (prn).",
            "type": "Ratios",
            "group": "Ratios",
            "list": "Y",
            "references": "(85, 86, 89)",
            "usedFeatures": [
                "Pronasale/Tip",
                "Nasion/Radix",
                "Alar_Crest/Alar_Curvature/Alar_Base_Junction/Alar-Facial_Groove/Alar-Cheek_Junction/Alar_Crease_left"
            ],
            "value": "0.77",
            "cameraX": "",
            "cameraY": "",
            "cameraZ": "",
            "formula": "$$\\frac{\\sqrt{\\left(Ac_l.x-Prn.x\\right)^2+\\left(Ac_l.y-Prn.y\\right)^2+\\left(Ac_l.z-Prn.z\\right)^2}}{\\sqrt{\\left(Prn.x-N.x\\right)^2+\\left(Prn.y-N.y\\right)^2+\\left(Prn.z-N.z\\right)^2}}$$"
        },
        {
            "id": "Nasal_Width-Length_Ratio",
            "name": "Nasal Width-Length Ratio",
            "imageFile": "measurement_ratio_nasal_width_length_ratio-frontal.png",
            "description": "The alar base width divided by the nasal bridge length.",
            "type": "Ratios",
            "group": "Ratios",
            "list": "Y",
            "references": "(56, 90)",
            "usedFeatures": [
                "Alare/Alar_Flare_left",
                "Alare/Alar_Flare_right",
                "Pronasale/Tip",
                "Nasion/Radix"
            ],
            "value": "0.84",
            "cameraX": "",
            "cameraY": "",
            "cameraZ": "",
            "formula": "$$\\frac{Interalar Distance}{Nasal Bridge Length}$$ $$\\frac{\\sqrt{\\left(Al_r.x-Al_l.x\\right)^2+\\left(Al_r.y-Al_l.y\\right)^2+\\left(Al_r.z-Al_l.z\\right)^2}}{\\sqrt{\\left(Prn.x-N.x\\right)^2+\\left(Prn.y-N.y\\right)^2+\\left(Prn.z-N.z\\right)^2}}$$"
        }
    ]
}